arg-id,comment-id,argument
A1_0,1,客室や大浴場からの眺めがとてもきれい
A1_1,1,屋上からも景色が見える
A1_2,1,大浴場にはケア用品がある
A1_3,1,日帰り入浴ができる
A1_4,1,マグロのかぶと煮がトロトロでとてもおいしい
A1_5,1,サービスと接客が上手
A1_6,1,また行きたい
A2_0,2,休暇でいつも利用している
A2_1,2,夕食は豪華で、一品一品説明を加えて提供してくれる
A2_2,2,館内は清掃が行き届いている
A2_3,2,お風呂からの海の景色が素晴らしい
A2_4,2,屋上から見る海の景色もお気に入り
A2_5,2,大事な人と過ごすのに最適な宿
A3_0,3,三陸の朝ご飯が美味しい
A3_1,3,穏やかな海を望む温泉が静かで落ち着く
A3_2,3,部屋は狭かった
A3_3,3,眺望が望めない側の部屋ではくつろげない
A3_4,3,岩手が好き
A4_0,4,三陸自動車道碁石海岸ICの近くで便利
A4_1,4,JR大船渡線大船渡丸森駅に隣接している
A4_2,4,リーズナブルなプランでも特に不満はない
A4_3,4,掃除が行き届いており快適
A4_4,4,大浴場・更衣室が清潔でリラックスできる
A4_5,4,屋上からの大船渡湾の絶景が神々しい
A4_6,4,朝食がボリューム満点で美味しい
A4_7,4,また利用したい
A5_0,5,夫婦で宿泊
A5_1,5,山側6畳の部屋は駐車場側で暗い感じはない
A5_2,5,部屋は狭いが物品の不足はない
A5_3,5,海側の部屋はオーシャンビューで部屋風呂からも海が見える
A5_4,5,フロント正面から大船戸湾が綺麗
A5_5,5,湾にはホタテ、カキ、ホヤのいかだが並んでいる
A5_6,5,風呂は朝の9時までフリーで入れる
A5_7,5,サウナはなし
A5_8,5,野球の佐々木朗希お勧めの酢の素とワカメがある
A6_0,6,日帰りで訪れた
A6_1,6,露天風呂からの雄大な景色と潮騒が最高
A6_2,6,お湯がしょっぱくてとても温まる
A6_3,6,駐車場がとても広い
A6_4,6,おすすめ
A7_0,7,駐車場が広い
A7_1,7,入口左手奥に足湯場があり、海を見ながらゆったり浸かれる
A7_2,7,屋上のデッキで朝日が見られ、潮風が気持ち良い
A7_3,7,ホテルにプライベートビーチがある
A7_4,7,温泉は内湯と露天風呂があり広い
A7_5,7,朝食は和食でワカメが売り
A7_6,7,清潔で良いホテル
A8_0,8,日帰り温泉が480円で関東ではありえない安さ
A8_1,8,浴室が広くて綺麗
A8_2,8,海の景色を見ながら露天風呂に入れる
A9_0,9,日帰り温泉を利用
A9_1,9,料金は一人480円で安く感じた
A9_2,9,お風呂は普通の湯加減、ぬるめ、露天風呂の3種類
A9_3,9,洗い場は広く、シャンプー･コンディショナー･ボディーソープが揃っている
A9_4,9,露天風呂から眺める太平洋が圧巻
A9_5,9,全体的に清潔感がある
A9_6,9,リピートしたい
A10_0,10,漁師民宿が大規模ホテル化したような感じ
A10_1,10,夕食の海鮮物は量、質ともに素晴らしい
A10_2,10,朝夕の露天風呂からの眺望が絶佳
A10_3,10,また近くに行くことがあれば利用したい
A11_0,11,夫婦2人の時間を大切にするため、結婚月に旅行を始めた
A11_1,11,宮城県北・岩手県南を2日間巡る
A11_2,11,宿は自然と調和した立地で、ロケーションと食が特徴
A11_3,11,部屋は特別室で、大船渡港を望める開放的な空間
A11_4,11,お風呂は広く、夜通し利用可能
A11_5,11,夕朝の2食が量質ともに大満足
A11_6,11,生魚が不得手な場合、メニュー変更が可能
A11_7,11,宿泊者限定のプライベートビーチ「潮音浜」がある
A11_8,11,朝日が格別で、足湯からも楽しめる
A11_9,11,大満足の滞在で、冬場の再訪を考えている
A12_0,12,1人一泊28000円の料金に対して部屋が小さく驚いた
A12_1,12,夕食は魚ばかりで野菜がほとんどなかった
A12_2,12,朝食の鮭が小さく驚いた
A12_3,12,料金と価格が見合っておらず、コスパが悪い
A13_0,13,とても綺麗でスタッフの対応が良い
A13_1,13,ベッドのお部屋もある
A13_2,13,朝食のみのプランでお得に宿泊できた
A13_3,13,朝食も満足できる内容
A13_4,13,温泉は男女別で内風呂と露天風呂があり、深夜も利用可能
A13_5,13,露天風呂は周りが真っ暗で少し怖いかもしれない
A13_6,13,海側の敷地に間接照明があると良い
A13_7,13,プライベートビーチがあり、カモシカの親子に遭遇した
A13_8,13,売店か自販機でアイスがあると嬉しい
A13_9,13,大船渡温泉をおすすめ
A14_0,14,日帰り入浴で訪問
A14_1,14,平日以外は11時～14時
A14_2,14,エントランスに入ると絶景が見える
A14_3,14,現金は発券機で、キャッシュレスはフロントで支払える
A14_4,14,一人480円で安い
A14_5,14,ロビーや風呂からの眺望が素晴らしい
A14_6,14,脱衣場は鍵付きミニロッカーと篭の棚がある
A14_7,14,風呂は空いていた
A14_8,14,内湯と露天風呂がある
A14_9,14,露天と低温湯は3人くらいでいっぱいな大きさ
A14_10,14,アメニティが揃っている
A14_11,14,泉質は微かに塩味があり、サラリとした湯
A14_12,14,最後に低温湯で仕上げた
A14_13,14,孫へのお土産に三鉄の列車型めざまし時計を購入
A15_0,15,脱衣場に忘れた小銭入れを確認してもらい、書留で送ってもらった
A15_1,15,スタッフの対応がとても良い印象
A15_2,15,お風呂が清潔で気持ちよく入浴できた
A15_3,15,次回は宿泊で利用したい
A16_0,16,ずっと行きたいと思っていた温泉
A16_1,16,日帰り入浴は11時から営業開始
A16_2,16,窓から見える景色が素晴らしい
A16_3,16,温泉はぬるめの温度で気持ち良い
A16_4,16,次は宿泊したい
A16_5,16,売店で買った海藻スナックがお土産に喜ばれる
A17_0,17,日帰り入浴で利用
A17_1,17,洗い場が広く席数も充分
A17_2,17,シャンプー、リンス、ボディソープ完備
A17_3,17,洗顔、パック、ピーリングジェルもあり
A17_4,17,料金は￥480で普通の銭湯と変わらない
A17_5,17,内風呂が広く、露天風呂からの海辺の景色が最高
A17_6,17,外に足湯もある
A17_7,17,また利用したい
A18_0,18,2020年10月にコロナ禍の中で宿泊
A18_1,18,安価で豪華な食事
A18_2,18,温泉がある
A18_3,18,広いくつろげるロビー
A18_4,18,とても思い出になった
A19_0,19,地元の魚介を中心にした豪華な料理が次々と運ばれてくる
A19_1,19,殻付き生ウニ、鮑、ホタテ、カジキマグロのカマなど魚介好きにはたまらない
A19_2,19,お宿からの絶景を楽しみにしていたが、天気に恵まれず
A19_3,19,海を眺めながらのお部屋やお風呂は癒される
A20_0,20,ロケーションは最高
A20_1,20,食事は普通
A20_2,20,朝食時のオペレーションがぐだぐだ
A20_3,20,露天風呂は大人5人分くらいの広さ
A21_0,21,日帰り温泉で利用している
A21_1,21,フロントの方がテキパキとして感じが良い
A21_2,21,温泉が綺麗
A21_3,21,露天風呂からの海や月、星空がとても綺麗
A22_0,22,温泉の回数券を購入し、気仙沼から通っている
A22_1,22,海に面した露天風呂がある
A22_2,22,室内には熱い方とぬるい方の2つの風呂がある
A22_3,22,広々としてゆっくりできる
A23_0,23,大きな民宿のような印象
A23_1,23,施設も食事も特に手の込んだものではない
A23_2,23,わかめがたくさん出てきた
A23_3,23,兜煮はお代わり自由で、味噌味の鯖缶に似ている
A23_4,23,焼き魚はスーパーで売っているような鮭の切り身
A23_5,23,鮑の刺身は美味しかった
A23_6,23,天ぷらはドライブインで出てくるような感じ
A23_7,23,肉料理はなかった
A23_8,23,朝食は秋刀魚の味醂干しがメインで、もう少し何か欲しい感じ
A24_0,24,震災で打撃を受けた地域にある貴重な温泉宿
A24_1,24,部屋が狭い
A24_2,24,復興工事関連の宿泊者が多い
A24_3,24,料理は夜も朝も海の幸が豊富
A25_0,25,日帰り温泉を利用
A25_1,25,雨で絶景とは言えなかったが露天風呂からの眺めは素晴らしかった
A25_2,25,写真撮影用の法被や大漁旗がある
A25_3,25,次回は宿泊したい
A26_0,26,夕食が地元のものでボリュームが最高
A26_1,26,飲み物が手軽な値段
A26_2,26,露天風呂が少し狭い
A26_3,26,部屋に冷蔵庫があるのは助かる
A27_0,27,日帰り温泉を480円で利用
A27_1,27,内風呂2つ、外湯1つ
A27_2,27,外湯が狭く、お湯が汚れていて透明感がない
A27_3,27,外湯に2回浸かるのを断念した
A28_0,28,海沿いの高台に立つ眺めの良いホテル
A28_1,28,玄関で靴を脱ぐので旅館的な寛ぎがある
A28_2,28,朝食は昆布やわかめなど海藻類が豊富で三陸らしいメニュー
A28_3,28,手作りが多く優しい味
A28_4,28,フェイスタオルは標準で備え置きがない
A29_0,29,日帰りで年間4から5回来ていたが、今回初めて泊まった
A29_1,29,温泉はぬるま湯が好きで15分位ゆっくり入れる
A29_2,29,客室の眺めは最高だが、4人で泊まるには狭い
A29_3,29,夕飯の量と質は問題ないが、ワカメだけの茶碗蒸しにもう一つ具材が欲しい
A29_4,29,朝ごはんの卵焼きは手作りで嬉しいが、コーヒーに行列ができる
A29_5,29,敷き布団で身体が痛くなった
A29_6,29,従業員は若くて挨拶が元気
A29_7,29,朝出発のときに大漁旗で見送ってくれる
A30_0,30,海の幸を中心とした夕食が最高に美味しかった
A30_1,30,料理はかなりのボリュームがあるが、好きな物から食べれるだけ食べてくださいと案内があった
A30_2,30,宿はややコンパクトだが清潔感がある
A30_3,30,風呂や部屋からの景色が抜群
A30_4,30,接客が親切で安心感があった
A30_5,30,職場の同期との温泉旅行が思い出深いものになった
A31_0,31,朝日が最高
A31_1,31,露天風呂から見る月がとても綺麗
A31_2,31,早起きできるなら朝日をぜひ見てほしい
A31_3,31,料理が最高
A31_4,31,ワカメが最高
A32_0,32,いろんな旅館を利用した中で、食事が一番美味しい
A32_1,32,刺身、煮物、焼物、魚介類が素晴らしい
A32_2,32,ホヤが美味しい
A32_3,32,わかめのしゃぶしゃぶが絶品
A32_4,32,朝食の鍋焼が最高
A33_0,33,部屋が暑くて臭い
A33_1,33,設備がしょぼい
A33_2,33,料理が広告と違う
A33_3,33,宿泊費用が高い
A33_4,33,大船渡にはもう立ち寄らない
A34_0,34,スタッフのサービスが良い
A34_1,34,部屋からの景色が良い
A34_2,34,朝食がちょっと甘めで申し分ない
A34_3,34,部屋が簡易宿泊所のようで残念
A34_4,34,布団は羽毛にしてほしかった
A35_0,35,三陸自動車道大船渡碁石海岸インターチェンジから至近で便利
A35_1,35,周辺の観光地は碁石海岸や道の駅高田松原、気仙沼・釜石・宮古方面
A35_2,35,宿は大船渡の湾口を望む高台にあり、浴室からの眺望が良い
A35_3,35,山側の部屋はリーズナブルに利用できる
A35_4,35,部屋はシンプルで必要な機能が揃っており、手入れも行き届いている
A35_5,35,夕食は海産物が抜群で、マグロのカマ煮込みが絶品
A35_6,35,朝食も海産物中心で小鉢の数が多く、見た目も華やか
A35_7,35,部屋・風呂・部屋を総合してコスパ抜群でリピートしたくなる
A36_0,36,料理がすごい
A36_1,36,地元の魚介を中心に美味しい料理がどんどん出てくる
A36_2,36,名物のカジキマグロの煮付けがトロトロで美味しい
A36_3,36,おかわりし放題
A36_4,36,お風呂の景色が良い
A36_5,36,サウナはない
A37_0,37,海沿いの天然温泉
A37_1,37,漁師飯がいただける宿
A37_2,37,海側の部屋からの眺めが最高
A37_3,37,夜通しお風呂に入れる
A37_4,37,露天風呂から日の出が見られる
A37_5,37,料理はボリュームがあり、手作りで美味しい
A37_6,37,メカジキのカマの煮付けが特に美味しい
A37_7,37,朝食にご当地の焼き菓子『なべやき』がある
A37_8,37,佐々木朗希さんオススメの酢のドリンクが飲める
A37_9,37,お風呂場のアメニティが豊富
A37_10,37,お湯も料理も良い宿
A38_0,38,絶景が見える温泉
A38_1,38,ロビーからの景色が美しい
A38_2,38,露天風呂からの景色も美しい
A38_3,38,ご飯が美味しい
A38_4,38,おかずの量が多く、食べきれないこともある
A38_5,38,食べる量に自信がない方はご飯を無しにすることを推奨
A39_0,39,岩手県の海沿いにある天然温泉
A39_1,39,海を眺めながらゆったり温泉に浸かれる
A40_0,40,雰囲気の割にはリーズナブルで館内も落ち着いている
A40_1,40,朝食付きプランと夕食付きプランの差額が大きい
A40_2,40,リーズナブルな夕食付きプランがあると便利
A40_3,40,夕食のために大船渡まで外出するのは不便
A41_0,41,オーナーが漁師で、美味しくボリューム満点の料理を提供
A41_1,41,スタッフが親切で丁寧な応対をしてくれる
A41_2,41,滞在中に不安を感じさせない
A42_0,42,到着時に笑顔で元気よく迎えてくれる
A42_1,42,スタッフが感じが良く丁寧
A42_2,42,5階の海側の部屋はシンプルで眺望が素晴らしい
A42_3,42,最初からお布団が敷かれている方が気楽
A42_4,42,手作りの料理がほとんどで全て美味しい
A42_5,42,一人利用で2万円以下でこの料理はすごい
A42_6,42,ワカメの茶碗蒸しと自家製ツナが美味しかった
A42_7,42,マグロの兜煮も美味しいが、お腹一杯になった
A42_8,42,お夕食に出るワカメ煎餅を買って帰った
A43_0,43,冷鉱泉の沸かし湯で480円は良心的価格
A43_1,43,浴室がきれいで洗い場がたくさんある
A43_2,43,ぬる湯があるのが嬉しい
A44_0,44,何度も泊まっている
A44_1,44,山側の部屋を予約しても、空きがあれば海側に変更してくれる
A44_2,44,風呂付きの部屋は海側に風呂があり最高
A44_3,44,恋人と行くのがオススメ
A44_4,44,料理の量が多く、海の幸満載で満足
A44_5,44,朝食も豪華
A44_6,44,海がどこでも一望できる
A45_0,45,初めて訪れた
A45_1,45,露天風呂から見る大船渡湾が美しい
A45_2,45,更衣室が広くて便利
A45_3,45,今度は宿泊もしたい
A45_4,45,入浴料金が大人480円、中人170円、小人80円でお得
A45_5,45,タオル販売価格は200円、レンタルバスタオルは300円、浴衣＆バスタオルセットは600円
A46_0,46,日帰り温泉を利用
A46_1,46,フロントのスタッフが親切
A46_2,46,大船渡湾が一望できて絶景
A47_0,47,この値段で料理とサービスがとても良かった
A47_1,47,気持ちがほっこりする素朴なおもてなし
A47_2,47,いつまでも続けて欲しい
A48_0,48,温泉が広く、内風呂はぬるめと熱めの2ヶ所、露天風呂も十分な広さと温度で海を一望できる
A48_1,48,シャワーで流しただけで髪がサラサラになった
A48_2,48,露天風呂に虫が浮いていることがあり、虫をとる網があると良い
A48_3,48,女性の脱衣室の清掃が不十分で不快だった
A48_4,48,従業員の接客が素晴らしく、笑顔で丁寧な対応
A48_5,48,夜ご飯は海鮮づくしで量が多い
A48_6,48,子供用のご飯は幼児用と大人に近いもので選べるが、低学年の子供には幼児用が良い
A48_7,48,子供用浴衣は申告しないともらえない
A48_8,48,部屋は和室のビジネスホテルレベルで音が聞こえやすいが清潔感はある
A48_9,48,ロビーのフリードリンクコーナーの椿茶が美味しかった
A49_0,49,子供たちの行事で食事付きの日帰り温泉旅行を体験
A49_1,49,大船渡の魚市場に近く、新鮮な海鮮料理に大満足
A49_2,49,幼児、低学年食にも大きなホタテのバター焼きと茶碗蒸しが付いていた
A49_3,49,3日間煮込んだマグロのかまの大きさとトロトロ感に驚いた
A49_4,49,塩分を含んだ温泉でぬるめのお湯でも充分に温まる
A49_5,49,露天風呂から海と西陽を眺めながら入れる
A50_0,50,建物や調度、接客はあか抜けないが、田舎っぽい感じが心地よい
A50_1,50,5階のオーシャンビューの客室の眺めが最高
A50_2,50,夕食のホヤが美味しかった
A50_3,50,サンマが太かった
A50_4,50,箸休めや漬物、デザートまで手がかかっていた
A50_5,50,朝食も素晴らしい
A50_6,50,見た目より中身で勝負している宿
A51_0,51,朝食付きプランを利用
A51_1,51,お風呂やロビー、屋上、駐車場から絶景が見える
A51_2,51,駐車場横に絶景を見ながら利用できる足湯がある
A51_3,51,館内は清潔感があり新しいホテルのよう
A51_4,51,スタッフがハキハキと話してくれる
A51_5,51,部屋はこぢんまりとしているが必要なものは揃っている
A51_6,51,朝食は和食で、見た目も味もお値段以上
A51_7,51,大船渡周辺に訪れる際にはまた利用したい
A52_0,52,料理は新鮮な魚介類で美味しいが、量が多く飽きた
A52_1,52,シーフードが苦手な人や子供には向かない
A52_2,52,部屋にテラス、内風呂、金庫がない
A52_3,52,ポットは2杯分しか沸かせず、すぐに沸かない
A52_4,52,茶道具が雑に置かれていて不衛生に感じた
A52_5,52,布団が綿のせんべい布団で寝にくかった
A52_6,52,ドライヤーはあるがブラシがなかった
A52_7,52,もう泊まらない
A52_8,52,鍋焼きは懐かしく美味しかった
A53_0,53,旅行支援や大船渡割で二人で7000円くらいだった
A53_1,53,喫煙ができる部屋があったが、禁煙になってしまったのが残念
A53_2,53,温泉の洗い場が多く、余裕で使える
A53_3,53,露天風呂が狭く、誰かいると行きづらい
A53_4,53,夜の料理にわかめが多く、胃もたれした
A54_0,54,大船渡湾を望む絶好のロケーションでオススメ
A54_1,54,山側の部屋からの眺望は良くなかったが、海側なら見事な湾を見渡せる
A54_2,54,日の入、日の出が期待できる
A54_3,54,屋上からの星空が圧巻
A54_4,54,朝食は定食風で、特産のなべやきが素朴で旨い
A54_5,54,温泉は平均的だが、露天風呂からの湾の眺めが最高
A55_0,55,ナトリウムカルシウム塩化物泉の温泉
A55_1,55,眺めが良い
A55_2,55,料理が美味しい
A56_0,56,日帰り温泉を利用
A56_1,56,BRTのバス停から徒歩数分
A56_2,56,館内からの景色が最高
A56_3,56,ランチのレストランがなく、アイスクリームで我慢したのが唯一の欠点
A57_0,57,日帰り入浴だけの利用だったが、帰るのが寂しかった
A57_1,57,今度は絶対泊まりに行きたい
A58_0,58,日帰り訪問
A58_1,58,お風呂が3つあり、温泉がとても良い
A58_2,58,露天風呂でカモメの鳴き声が癒される
A58_3,58,入浴料がお手頃
A58_4,58,食事処が無かったのが残念
A59_0,59,夜遅くの訪問でも笑顔で迎えてくれた
A59_1,59,部屋を海側にグレードアップしてくれた
A59_2,59,景色がとてもきれい
A59_3,59,コインランドリーがあり洗濯できて助かった
A59_4,59,温泉の泉質が身体に合っていてぐっすり眠れた
A59_5,59,岩手観光の起点にできる良いホテル
A59_6,59,ホテルの売店で売っている海藻スナックが美味しい
A60_0,60,大船渡湾を一望できるロケーション
A60_1,60,夕食は三陸の海の幸が豊富
A61_0,61,5月にウニが美味しい季節
A61_1,61,10月に宿泊し、朝日が水平線に近づくのを見た
A61_2,61,11月下旬には水平線から朝日が昇るのが見える
A61_3,61,9月に宿泊し、さんまを美味しくいただいた
A61_4,61,足湯を楽しんだ
A62_0,62,日帰り湯とホテルが一体化された大型の施設
A62_1,62,漁師めしがうまい宿と言われているが、大型ホテルのようで驚いた
A62_2,62,フロント先のラウンジで宿泊者はコーヒーがフリーで飲める
A62_3,62,キレイな和室の部屋は10畳で、布団が敷かれていた
A62_4,62,カードキーが2枚あり助かった
A62_5,62,大船渡温泉公式アプリを登録したら、お刺し身わかめ300グラムをいただいた
A63_0,63,最寄のインターチェンジからアクセスしやすい立地
A63_1,63,館内は静かに過ごせる
A63_2,63,地場の新鮮な魚貝を使った夕食と朝食はボリューム満点
A63_3,63,館内は新しく清潔で清掃が行き届いている
A63_4,63,スタッフの対応が迅速で親切
A63_5,63,宿泊者以外も利用できる足湯がある
A63_6,63,夕食時のトラブルに対する支配人の誠実な対応
A63_7,63,街と宿に対する誇りと情熱を感じた
A63_8,63,魚料理が好きな人におすすめ
A63_9,63,震災からの復興の一助になると感じた
A63_10,63,良い思い出になった
A64_0,64,日の出を眺められる絶景温泉
A64_1,64,漁師めしが新鮮で美味しい
A64_2,64,料理が多いのでご飯のおかわりとビールは控えめに
A64_3,64,特に鮑の焼き物と刺し身が美味しかった
A65_0,65,部屋からの景色が最高（晴れていれば）
A65_1,65,フロントにコーヒーサービスがある
A65_2,65,椿茶の冷たいのが美味しかった
A65_3,65,温泉はさっぱりしたお湯で、少し熱かった
A65_4,65,食事は何を食べても美味しかった
A65_5,65,従業員が明るくて面白い
A65_6,65,かぶと煮の汁をご飯にかけて食べたい
A65_7,65,朝ごはんも美味しかった
A65_8,65,郷土料理のなべやきのレシピをもらった
A65_9,65,大船渡の魚を楽しめた
A65_10,65,部屋にお風呂があり、海も見える
A65_11,65,椿茶とわかめスナックがおすすめ
A66_0,66,震災前に何度も訪れた三陸
A66_1,66,絶景に感嘆
A66_2,66,部屋、屋上、足湯から絶景が見える
A66_3,66,漁師飯コースのマグロのカマはコラーゲンの塊でおかわりするほど美味しい
A66_4,66,サンマの塩焼きは期待外れでボソボソ感があった
A66_5,66,朝食はお膳立てで気遣いが感じられる
A66_6,66,郷土食のなべやきが初体験でお土産に数個もらった
A66_7,66,スタッフが親切で接客のプロ
A66_8,66,露天風呂のゴミが気になったが、野外では致し方ない
A67_0,67,日帰り温泉をいつも利用している
A67_1,67,案内の方が親切で気持ちの良い対応
A67_2,67,ホテルが綺麗で大好き
A67_3,67,お風呂が清潔で海の見える露天風呂が最高
A67_4,67,内湯のぬるいお風呂が気に入っている
A67_5,67,洗い場での場所取りが多く、困っている
A67_6,67,持ち物で場所取りしないよう注意喚起を希望
A67_7,67,持ち物を置けるラックの設置を希望
A68_0,68,評判通りの良い宿
A68_1,68,料理のクオリティーが高く種類も多い
A68_2,68,漁師飯の食べ方が指南されたプリントがある
A68_3,68,朝食は丁度良かった
A68_4,68,トータルで考えるとお買い得
A68_5,68,リピート決定
A69_0,69,三陸海岸に初めて旅行した
A69_1,69,料理が美味しく、ボリュームが凄い
A69_2,69,海藻スナックが後引く美味しさ
A69_3,69,少量美味プランがあると嬉しい
A69_4,69,温泉が良く温まる
A69_5,69,部屋の窓からの景色が絶景
A69_6,69,また三陸地方に行く際には選びたい宿
A70_0,70,"大船渡の中心市街地から車で7,8分"
A70_1,70,家族・友人とゆっくりしたい方におすすめ
A70_2,70,1階の大広間、露天風呂、屋上から見える海に広がる朝日と朝の景色が絶景
A71_0,71,日帰りで利用
A71_1,71,海が見えるお風呂が気持ち良かった
A72_0,72,ご飯がとても美味しかった
A72_1,72,マグロ兜煮が最高のご馳走
A72_2,72,オーシャンビューの部屋とラウンジからの眺めが最高
A72_3,72,宿泊者限定のプライベートビーチが楽しめた
A72_4,72,ビーチコーミングを楽しんだ
A72_5,72,人工の温泉の滝が面白い演出
A72_6,72,足湯があるようだが次回入りたい
A73_0,73,5階の最上階オーシャンビュー8畳和室に泊まったが、大人3人だと少し狭く感じた
A73_1,73,3階や4階でも大船渡湾の景色に差はほとんどない
A73_2,73,2方向に窓があるオーシャンビューの10畳和室の角部屋が狙い目
A73_3,73,夕食は食べきれない程の魚尽くし
A73_4,73,温泉は24時間入浴可能
A74_0,74,全国割でお得に宿泊
A74_1,74,外観と内観が綺麗な温泉宿
A74_2,74,食事は厳選された海鮮物で量が多く大満足
A74_3,74,部屋はオーシャンフロントで絶景
A74_4,74,露天風呂からの景色が素晴らしい
A74_5,74,スタッフが丁寧で優しい
A74_6,74,温泉宿、ホテル総選挙2021の絶景部門で1位
A74_7,74,また次回も利用したい
A75_0,75,晩ごはんも朝ごはんもとても美味しい
A75_1,75,晩ごはんはメイン料理がたくさんで大満足
A75_2,75,お肉がひとつもないのが良かった
A75_3,75,海側の部屋から綺麗な海を眺められリラックスできた
A75_4,75,温泉の内風呂と露天風呂から海を見渡せて最高
A75_5,75,また行きたい宿のひとつ
A76_0,76,屋上から見る日の出がとても綺麗で早起きする価値がある
A76_1,76,温泉の露天風呂がオーシャンビューで開放的
A76_2,76,朝食会場で子どもへの配慮がされている
A77_0,77,温泉は普通
A77_1,77,室内からイカ釣り漁船が見える
A77_2,77,のんびり過ごすには良い
A77_3,77,街場から離れていて娯楽施設がない
A77_4,77,夜遊びしたい方や子供には物足りないかもしれない
A78_0,78,フロントの正面の大きな窓からの景色が最高
A78_1,78,露天風呂からの景色も絶景
A79_0,79,2024年2月の休日前に宿泊
A79_1,79,隣室の子供連れファミリーが騒がしくてゆっくりできなかった
A79_2,79,家族構成での部屋割りを考慮してほしい
A79_3,79,食事時の接客が良かった
A80_0,80,大船渡温泉からの眺望が良い
A80_1,80,温泉の湯温が適温で気持ちよかった
A80_2,80,料理はボリュームがあり、お刺身や海藻類が多い
A80_3,80,7月に泊まり、ウニが美味しかった
A80_4,80,温泉名物のマグロのかぶと煮が甘辛くてご飯が進む
A80_5,80,お土産屋さんで売っている海藻スナックが美味しい
A80_6,80,大船渡温泉が海藻スナックの製造者
A81_0,81,素晴らしい眺めで、割増料金を払って海側の部屋を取ってよかった
A81_1,81,日の出に合わせて朝4:30に家族で起きた
A81_2,81,大浴場が海側に面していて、朝風呂が最高に気持ちよかった
A81_3,81,子供に対する配慮が感じられなかった
A81_4,81,チェックイン時に子供用の浴衣が渡されなかった
A81_5,81,子供の食事がファミレスのお子様ランチレベルでがっかり
A81_6,81,子供への配慮があればまた行きたい
A82_0,82,オーシャンビューの部屋でビューが最高
A82_1,82,プライベートビーチがあり静か
A82_2,82,海鮮料理がイチオシで品数が多い
A82_3,82,スタッフが気さくで親しみがある
A82_4,82,星5つで良い
A82_5,82,また来たいと思うホテル
A83_0,83,客室は狭かった
A83_1,83,大浴場には内湯が2つあり、ひとつは温め設定でぬるい
A83_2,83,露天風呂から海が見える
A83_3,83,プライベートビーチがある
A83_4,83,足湯がある
A84_0,84,露天風呂から日の出が見られる
A84_1,84,部屋は海側で波の音とうみねこの鳴き声が聞こえる
A84_2,84,非日常の景色に癒された
A84_3,84,露天風呂、内湯、エントランス、屋上がある
A84_4,84,夕食と朝食が大船渡ならではの料理で大満足
A84_5,84,部屋が綺麗でスタッフが気持ちいい方々
A84_6,84,次はゆっくり連泊したい
A85_0,85,碁石海岸でキャンプ後に日帰り温泉を利用
A85_1,85,大船渡温泉はオススメされていた
A85_2,85,入浴しながら見える海は漁港のようだった
A85_3,85,施設はそこまで清潔感がない
A85_4,85,スタッフの対応がややぶっきらぼうに感じた
A85_5,85,宿泊しなくても良いと感じた
A86_0,86,ウニを食べたくて訪れた
A86_1,86,新鮮なお魚や貝類をお腹いっぱい頂いた
A86_2,86,ご飯も美味しい
A86_3,86,部屋が狭く、壁が薄くて音が響く
A86_4,86,利用者のモラルが少し酷かった
A86_5,86,スタッフが大切にしてくれた
A87_0,87,海側の部屋で快晴の中、お茶菓子でくつろげた
A87_1,87,ドリンクサービスが好感度高い
A87_2,87,わかめのしゃぶしゃぶがインパクト強く、他の料理の印象が薄れた
A88_0,88,大船渡の見晴らしの良い海沿いに建つ温泉施設
A88_1,88,景色、料理、温泉が素晴らしい
A88_2,88,温泉は日帰り入浴も可能（大人450円）
A88_3,88,内湯は2つあり、1つはぬるめ
A88_4,88,泉質はナトリウム塩化物泉で無色透明
A88_5,88,露天風呂から静かな海を見ながら浸かれる
A88_6,88,サウナはなし
A88_7,88,朝食は地域の食材を使った美味しい料理
A88_8,88,ツナサラダ、マグロの山かけ、焼き魚が特に美味しい
A88_9,88,なべやきや杏仁豆腐もおすすめ
A88_10,88,ホテル近くにBRTの駅があり、夕食は大船渡駅付近で取れる
A88_11,88,BRTは平日1時間に2本、休日1本運行
A88_12,88,夜9時以降は便がないのでタクシーが必要
A88_13,88,徒歩では約4km、1時間ほどかかる
A89_0,89,BRTが迂回運転で降り口が遠くなったが、送迎してくれた
A89_1,89,早めに出発したい旨を伝えると、朝食時間を早めて対応してくれた
A89_2,89,朝食がボリュームがあり美味しい
A89_3,89,お風呂も長い時間入れる
A89_4,89,短い滞在時間でもとても満足
A90_0,90,山側の部屋は眺望がない
A90_1,90,布団2枚でほぼスペースがなくなる部屋サイズ
A90_2,90,隣の部屋の音が筒抜け
A90_3,90,漁師めしはほぼ魚介料理で新鮮だが飽きてしまった
A90_4,90,屋上からの眺望は良かった
A91_0,91,三陸鉄道を利用しウニを目当てに訪れた
A91_1,91,駅からすぐ
A91_2,91,眺めが良い温泉
A91_3,91,たっぷりの海の幸が楽しめる
A91_4,91,素材が良いのでシンプルな調理法でも美味しい
A91_5,91,プランのウニがもう少し多いと嬉しい
A91_6,91,お土産のワカメが美味しい
A91_7,91,また電車を乗り継いで行きたい
A92_0,92,夕食は素材の味を楽しむ味付けで美味しい
A92_1,92,ワカメと昆布の美味しさに驚いた
A92_2,92,朝食の玉子焼きと秋刀魚の味醂干しが美味しい
A92_3,92,サラダのワカメも美味しい
A92_4,92,デザートの杏仁豆腐が美味しい
A92_5,92,部屋は綺麗だが少し狭い
A92_6,92,近日中に再訪問予定
A93_0,93,絶景が素晴らしく、日々の疲れを癒せる
A93_1,93,夕食は想像を超える料理が出てくるが、量が多すぎる
A93_2,93,和牛のステーキは不要で、地場産の海の幸があれば満足
A93_3,93,大浴場は真夜中も入れる
A93_4,93,ウミネコの鳴き声と波の音を聞きながら入る露天風呂が最高
A93_5,93,食事と絶景が自慢の宿で大満足
A94_0,94,温泉が翌朝9時まで利用でき、夕焼け、日の入、星空、朝焼け、日の出を楽しめる
A94_1,94,飲み食べ歩くのには向いていない
A95_0,95,日帰り温泉を利用
A95_1,95,オーシャンビューが美しい
A95_2,95,浴場からも海岸を見渡せる
A95_3,95,"入浴料が安く、タオルやアメニティを追加しても1,000円ちょっと"
A95_4,95,施設が新しく清掃が行き届いている
A95_5,95,アクセスが良く、三陸道路の大船渡碁石海岸ICを降りてすぐ
A96_0,96,震災復興支援で大船渡市に行っていた
A96_1,96,大船渡市にとても思い入れがある
A96_2,96,12年ぶりに大船渡温泉に宿泊
A96_3,96,食べ物のアレルギーに対応してくれた男性スタッフに感謝
A96_4,96,チェックイン時、夕食、朝食でスタッフからの確認があり安心
A96_5,96,夕食のお品書きがアレルギー対応で書き換えられていて心遣いを感じた
A97_0,97,スィートに宿泊し、海を眺めながら入浴できる
A97_1,97,雨だったのが残念
A97_2,97,大浴場も利用
A97_3,97,食事は海鮮料理で、事前に言えば別料金で肉系も頼める
A97_4,97,ルームサービスができることを後で知った
A97_5,97,喫煙専用客室階がある
A97_6,97,母との良い想い出になった
A98_0,98,日帰り温泉でよく訪れる
A98_1,98,露天風呂からの景色が素晴らしい
A98_2,98,露天風呂は一位、二位を争う程のハイスペック温泉
A98_3,98,泉質がツルツルで気持ち良い
A98_4,98,内湯は温湯と熱湯があり、長湯が苦手な人にも優しい設計
A98_5,98,料金が500円以下で驚くほど安い
A98_6,98,日帰り入浴の営業時間が短いのが残念
A98_7,98,スタッフの対応がとても良い
A98_8,98,大船渡に寄ったら日帰り入浴を訪問する価値がある
A98_9,98,近くに復興の湯という足湯があり、オススメ
A99_0,99,部屋から見える朝日が本当に綺麗
A99_1,99,部屋の広さは充分
A99_2,99,お風呂の温度がちょうどいい
A99_3,99,露天風呂で朝は朝日、夜は海の静かな雰囲気を楽しめる
A99_4,99,夜ご飯の量が多いが、どれも美味しい
A99_5,99,従業員が親切で気持ちよく過ごせた
A100_0,100,料理のボリュームに大満足
A100_1,100,海の幸満載でお肉がなくても満たされた
A100_2,100,温泉は海を眺められる露天が最高
A100_3,100,スタッフが素晴らしい
A100_4,100,また訪れたい宿
A101_0,101,エントランスから海が見える
A101_1,101,露天風呂が気持ち良い
A101_2,101,フロントの若い男性スタッフの接遇が素晴らしい
A101_3,101,年配の女性スタッフの対応に不満
A101_4,101,和室がカビ臭く、布団が異臭
A101_5,101,昭和中期の臭いがする
A102_0,102,凄い景色で、飛んでるカモメの背中が見える
A102_1,102,防潮堤が残念
A103_0,103,館内が綺麗で安心して利用できる
A103_1,103,海が目の前に広がる絶景の露天風呂で癒される
A103_2,103,食事が非常に美味しい
A103_3,103,晩御飯が特に豪華
A104_0,104,天然温泉は珍しく貴重だが、塩素臭が強い
A104_1,104,夜の料理はボリュームがあるが、ホヤは好き嫌いが分かれる
A104_2,104,刺盛りにアワビが入っていて豪華
A104_3,104,地元でとれた地魚を使うとさらに良い
A105_0,105,露天風呂が最高
A105_1,105,朝の海が見れる
A105_2,105,夜ご飯や朝ごはんが美味しい
A105_3,105,特になべやきが美味しい
A105_4,105,いくらかけ放題があった
A105_5,105,また行きたい
A106_0,106,2〜3年前に宿泊し、最高でゆっくり休めた
A106_1,106,夕食にマグロ頭の煮付けがあり、従業員が分けてくれた
A106_2,106,露天風呂から海が見え、リラックスできた
A106_3,106,碁石インターから5分位
A106_4,106,また機会があったら利用したい
A107_0,107,結婚記念日に山側の部屋に一泊
A107_1,107,三陸の海の幸を存分に楽しむプランを選択
A107_2,107,海鮮三昧でどの品も素晴らしい
A107_3,107,部屋は清潔で2人なら必要充分なアメニティが揃っている
A107_4,107,元々民宿が発祥
A107_5,107,従業員の応対が丁寧でおもてなしの気持ちが伝わる
A107_6,107,天気がイマイチで露天風呂からの朝日を眺められなかった
A107_7,107,チェックアウト後に足湯に浸かり温まった
A107_8,107,また訪れたい
A108_0,108,部屋からの日の出の景色が素晴らしい
A108_1,108,料理が美味しいが、お肉はない
A108_2,108,品数が多く、全部は食べられなかった
A108_3,108,ホヤが苦手と伝えると、代わりによもぎ豆腐を出してくれた
A108_4,108,ホテルスタッフの対応があたたかみがある
A109_0,109,大船渡湾を望む絶景の宿
A109_1,109,夕食で極上の海の幸が頂ける
A109_2,109,温泉の浴室が広く、良いお湯
A109_3,109,オーシャンビューの露天風呂が癒される
A109_4,109,部屋はシンプルで必要十分
A109_5,109,最初からお布団が敷いてあり、リラックスできる
A109_6,109,食事の量が多すぎる
A109_7,109,高齢の方や少食の方には完食が難しい
A109_8,109,ボリュームの良さは大船渡温泉の強み
A110_0,110,今年2回宿泊した
A110_1,110,お魚が美味しい
A110_2,110,素材を生かした素朴な料理でボリュームがすごい
A110_3,110,焼き魚が冷たかったのは残念
A110_4,110,部屋はシンプルだが眺めは抜群
A111_0,111,部屋は狭く簡素で、洗面所とトイレも狭い
A111_1,111,部屋の豪華さや落ち着いた雰囲気は求めない方がいい
A111_2,111,窓が2面ある角部屋は開放感がありおすすめ
A111_3,111,部屋に金庫はなく、貴重品はフロントに預ける必要がある
A111_4,111,布団が予め敷けるように用意されている
A111_5,111,宿に入った瞬間の景色が素晴らしい
A111_6,111,館内は清掃が行き届いており清潔感がある
A111_7,111,料理（海鮮）が豪華で量も多く、味も質も満点以上
A111_8,111,露天風呂は目隠しがあり景色を楽しめないが、船の往来や養殖場があるため仕方ない
A111_9,111,スタッフの挨拶と心配りが徹底されている
A111_10,111,景色と海鮮の食事を楽しみたい方におすすめ
A111_11,111,家族全員一致でリピートしたい宿リストに追加決定
A112_0,112,スタンダードコースの夕食料理は食べきれない程の海産物料理で大満足
A112_1,112,温泉は加温している冷鉱泉でアルカリ性の湯
A112_2,112,島影から昇る朝日を見ながら入れる露天風呂が秀逸
A112_3,112,インターネット予約では山側の部屋だったが、チェックイン時に海側の部屋に代えてもらえた
A113_0,113,御飯と絶景の眺望は文句無し
A113_1,113,温泉の塩素の臭いが強い
A113_2,113,全体的にとても良かった
A114_0,114,日帰り温泉で身体を洗うところで待たされた
A114_1,114,他のお客さんが湯を手で混ぜたり、寝そべりながら顔にパックしていた
A114_2,114,あまりゆっくり入れなかった
A114_3,114,何回か利用していたが、様子を見て考えている
A115_0,115,敷地内で海を観ながら無料で足湯が楽しめる
A115_1,115,日帰り温泉入浴もあり楽しめる
A115_2,115,食事が凄いらしい
A115_3,115,マグロのカマが頼める
A116_0,116,日帰り温泉に入った
A116_1,116,景色が良い
A116_2,116,湯船はもう少し深くても良い
A117_0,117,海側の最上階で絶景オーシャンビューを楽しんだ
A117_1,117,雪雲で朝日は見れなかったが、素敵な朝焼けを見た
A117_2,117,また訪れて日の出を見たい
A117_3,117,夕食は海鮮三昧で、マグロ煮付けがコラーゲンたっぷりで最高
A117_4,117,鮑のステーキとお刺身、旬ワカメのしゃぶしゃぶも美味しかった
A117_5,117,特別室に満足したが、部屋が広い割に加湿器が小さく乾燥していた
A118_0,118,新鮮な海鮮物が魅力的な懐石料理が食べられる
A118_1,118,オーシャンビューの立地で景色が素晴らしい
A118_2,118,復興の湯と名付けられた足湯は無料で利用できる
A118_3,118,日帰り温泉としても館内の温泉が利用できる
A118_4,118,内湯が温湯と熱めの湯舟があり、露天風呂は旭を観ながら入れる
A118_5,118,ヘアーケアーとスキンケアが充実しているが、クレンジングはない
A118_6,118,オーシャンビューのお風呂で月灯が水面に映し出される様子が素敵
A118_7,118,お風呂入口前に海が見渡せる休み所があり、コーヒーマシーンが利用できる
A118_8,118,ランドリーがあり便利
A118_9,118,部屋は無駄なく綺麗で、布団が整えられている
A118_10,118,浴衣のサイズは幅が同じでぽっちゃりさんでも大丈夫
A118_11,118,食事はワカメと昆布が多く、天麩羅が冷めていたのが残念
A118_12,118,梅酒ロックはダブルで頼むのが良い
A118_13,118,グラスの飲み口が欠けていて不快だった
A118_14,118,懐石料理の器を下げずにまとめて片付ける音が大きく、静かに食事したい人には不向き
A118_15,118,お一人様も歓迎されている宿
A118_16,118,女性お一人様も宿泊していた
A119_0,119,絶景2位のお風呂から見える海が最高
A119_1,119,アメニティーが充実していて手ぶらで行ける
A119_2,119,日帰り入浴が大人480円と格安
A119_3,119,食事ができるレストランがあればいい
A120_0,120,部屋からの眺め、お料理、温泉に満足
A120_1,120,スタッフの接客が親切丁寧で良かった
A121_0,121,日帰り風呂をたまに利用する
A121_1,121,ロケーション、風景、設備は申し分ない
A121_2,121,掃除があまり行き届いていない
A121_3,121,お湯に色々浮いている
A121_4,121,設備の管理と客数のバランスが崩れている
A121_5,121,改善してほしい
A122_0,122,食事が美味しくて量も良かった
A122_1,122,海に近く、朝日がとてもきれいに見られる
A122_2,122,個人的には秀逸に良い宿
A123_0,123,チェックアウト時に頂いた塩蔵茎わかめが美味しかった
A123_1,123,露天風呂の景色が良い
A123_2,123,朝ごはんがボリューム満点
A124_0,124,海側の部屋に宿泊し、眺めが最高
A124_1,124,食事は漁師めしコースで食べきれないほど
A124_2,124,大浴場から海を眺めながら入れて気持ちが良かった
A124_3,124,いい時間を過ごした
A125_0,125,こじんまりとした中規模感でゴミゴミしていない
A125_1,125,朝日が昇る中での露天風呂は最高のロケーション
A125_2,125,シングル和室に布団敷も良い
A126_0,126,温泉と食事がとても良かった
A126_1,126,露天風呂からの三陸の海の景色が最高
A126_2,126,夕食のアワビやウニやマグロがとても美味しかった
A126_3,126,コーヒーの無料サービスが嬉しい
A127_0,127,眺望と接客は素晴らしい
A127_1,127,料理が食べきれないほど提供された
A127_2,127,部屋の掃除が行き届いていない
A127_3,127,エアコンにカビが生えていた
A127_4,127,トイレの換気扇と食事会場の網戸がホコリだらけ
A127_5,127,若い人がたくさん働いているので頑張って欲しい
A128_0,128,夕食が美味しい
A128_1,128,浜焼きとウニが新鮮
A128_2,128,量が多すぎるのが難点
A129_0,129,クチコミが良く、実際に行ってさらに感動
A129_1,129,舟盛りや踊りアワビステーキ、カジキマグロ煮付がおかわり自由で美味しくボリューム満点
A129_2,129,中居さんや料理長がフロアでサービスしていて、皆さんあたたかく感じが良い
A129_3,129,最上階オーシャンビューで良い景色が見れた
A129_4,129,隣の部屋の物音が聞こえたが、宿は文句無しでオススメ
A129_5,129,オーナーさんや従業員さんの意気込みを感じ、また家族や友達を連れて行きたい
A130_0,130,日帰り温泉を利用
A130_1,130,お湯と景色の眺めが最高
A131_0,131,駐車場のすぐそばに足湯があり、誰でも利用できる
A131_1,131,正面玄関でサンダルに履き替え、靴は下駄箱に入れる
A131_2,131,ロビーから全面ガラス張りの絶景が見られる
A131_3,131,海側の部屋からも絶景が見られる
A131_4,131,部屋には布団が人数分準備されている
A131_5,131,部屋に風呂がないので1階の温泉を利用する必要がある
A131_6,131,内湯と露天風呂があり、内湯は広く、露天風呂も気持ちいい
A131_7,131,夕食は15品くらいで、ワカメのしゃぶしゃぶがおいしい
A131_8,131,朝食は12品くらいで、品数豊富で満足できる
A131_9,131,子供連れにもおすすめで、お子さま用の料理もある
A131_10,131,晩飯は生物以外は部屋への持ち帰り可能
A131_11,131,部屋の窓にカメムシがいたのが残念
A132_0,132,料理はボリュームがある
A132_1,132,海鮮が苦手な方には厳しいかもしれないが美味しく頂いた
A132_2,132,温泉は熱めとぬるめの浴槽がある
A132_3,132,男湯の露天は2〜3人くらいで入る広さ
A132_4,132,晴れていれば景色が良い
A133_0,133,屋上にいつでも出られるので日の出が見られる
A133_1,133,すぐ先に高めの岩場があり水平線から太陽が登るところは見られなかった
A133_2,133,屋上に出られる宿は珍しいので良かった
A133_3,133,露天風呂からも日の出を眺めることができる
A133_4,133,客室から日の出を見るためには日の出側の客室を予約する必要がある
A134_0,134,大晦日に宿泊し、スタッフが若くて愛想良く気持ち良く過ごせた
A134_1,134,フロントの説明が丁寧
A134_2,134,温泉から太平洋を一望できる
A134_3,134,18時までドリンクサービスがあり、生ビールも提供
A134_4,134,部屋はこじんまりしているが清潔で必要な物が揃っている
A134_5,134,夕食会場のスタッフがテキパキ動き好印象
A134_6,134,刺身は期待外れだったが、他のメニューは美味しかった
A134_7,134,朝食バイキングは野菜たっぷりでフルーツ&ヨーグルトもあり最高
A134_8,134,おせち盛りがありお正月気分を味わえた
A134_9,134,お雑煮の出汁が最高に美味しかった
A134_10,134,周辺は復興中だが、若いスタッフが元気良く、また行きたい宿
A135_0,135,海側のリーズナブルな部屋に泊まったが、海が見えるだけだった
A135_1,135,山側の部屋にもっと安く泊まるか、海側のもっといい部屋に泊まった方が良かった
A135_2,135,ご飯は美味しかったが値段相応
A135_3,135,温泉はごく普通
A135_4,135,露天風呂からの景色は良いが、夜は何も見えないので朝風呂が良い
A136_0,136,大船渡出張の際によく宿泊している
A136_1,136,エントランスから見える景色が素晴らしい
A136_2,136,夕食のボリュームがあり、三陸の新鮮な食材を使用
A136_3,136,朝陽を浴びながら入る温泉がある
A136_4,136,癒し要素満載の宿
A137_0,137,被災地をめぐる旅で利用
A137_1,137,夕食抜きの予約を急遽夕食付きにしてくれた
A137_2,137,客室まで名刺を持参してお詫びに来てくれた
A137_3,137,絶景や食事が素晴らしい
A137_4,137,おもてなしの心が一番
A137_5,137,お土産にいただいた昆布が絶品
A138_0,138,風呂は塩素消毒されているので温泉の質には期待しない方がいい
A138_1,138,晩飯が素晴らしく、大満足
A138_2,138,朝食に肉類は一切出なかった
A138_3,138,地元の食材をたっぷり堪能できる献立
A138_4,138,魚介好きにはたまらない宿
A138_5,138,部屋と風呂から見える海と素晴らしい料理が魅力
A138_6,138,山側の部屋になるとがっかりする
A139_0,139,海側の部屋からの景色は圧巻で心が癒される
A139_1,139,一人旅でも海側を予約したい
A139_2,139,お布団の重ね敷きと加湿器をお願いして助かった
A139_3,139,延長コードのレンタルがあると嬉しい
A140_0,140,何度か日帰り温泉を利用している
A140_1,140,大船渡湾を一望できる高台にある温泉
A140_2,140,露天風呂からも海が見える
A140_3,140,料金が大人480円と安い
A141_0,141,絶景で露天風呂からの朝日が最高
A141_1,141,夕食は食べきれないほどの海鮮が出てくる
A141_2,141,マグロの煮付けがおいしくておかわりした
A141_3,141,部屋は綺麗だが値段に合っていない
A141_4,141,部屋が狭く、敷き布団が薄く、掛け布団が固く重い
A141_5,141,スタッフは親切
A141_6,141,日帰り温泉がリーズナブル
A141_7,141,コインランドリーがある
A142_0,142,ホテルは三陸道大船渡碁石インターから車ですぐの場所
A142_1,142,海側の部屋の眺めが最高
A142_2,142,スタッフの対応が良い
A142_3,142,部屋の掃除が行き届いている
A142_4,142,大浴場には大風呂、ぬるめの小風呂、露天風呂がある
A142_5,142,夕食は大宴会場でコロナ対策がしっかりしている
A142_6,142,海賊コースの料理は刺身の舟盛り、ホタテ焼き、サンマの塩焼きなどで満足
A142_7,142,朝食は和食御膳で品数が多く満足
A142_8,142,ご飯は岩手県産ひとめぼれだが、家のご飯よりおいしくなかった
A143_0,143,"山側6畳の客室を予約し、1人あたり11,500円+入湯税で宿泊"
A143_1,143,温泉はナトリウム・カルシウム塩化物泉で、塩素臭が若干気になる
A143_2,143,大船渡湾の眺めを堪能しながら入る露天風呂は他に変えがたい
A143_3,143,夕食は高級食材や珍味を織り混ぜた料理でコスパ最高
A143_4,143,アワビの刺身が1貝まるごとついてくる
A143_5,143,量が豊富で、前菜だけで満腹になる可能性がある
A143_6,143,接客は若いフロントマンが中心で、つかみは上々
A143_7,143,給仕係の対応に若干の不満があった
A144_0,144,海の幸が豊富
A144_1,144,ワカメの大盤振る舞い
A144_2,144,天気のいい日は日の出が最高
A144_3,144,季節ごとに楽しめる
A145_0,145,立ち寄り湯で利用
A145_1,145,湯質と湯温が良質
A145_2,145,湯船から見える景色が芸術的
A145_3,145,団体客を駐車場で見送りしていた
A145_4,145,火災警報の誤報があったが、スタッフが落ち着いて対応
A146_0,146,部屋や温泉はそれなり
A146_1,146,豪華な海鮮料理が自慢
A146_2,146,マグロのカマ煮やあわびが美味しい
A146_3,146,提供の仕方に問題がある
A146_4,146,スタッフが料理を美味しく食べてもらおうと考えていない
A146_5,146,料理の量が多く、テーブルが狭い
A146_6,146,料理だけでリピートできるレベルだが、改善が必要
A147_0,147,湯が良かった
A147_1,147,建物が綺麗で居心地が良い
A147_2,147,食事は美味しいが、ご飯がいまいちで残念
A147_3,147,東北の美味しい米を期待していた
A148_0,148,景色と温泉が旅気分を盛り上げてくれる
A148_1,148,ビジネス利用していたが、1人での宿泊プランが無い日が増えたのが残念
A148_2,148,壁が厚く、隣のイビキが聞こえない
A148_3,148,料理の量が多いので小食の人は注意
A149_0,149,東北一周旅行で最初に宿泊
A149_1,149,内装がとても綺麗で、窓から見える入江の景色が最高
A149_2,149,部屋から入江へ沈む夕焼けが見える
A149_3,149,屋上からの眺めも良い
A149_4,149,露天風呂から入江がよく見える
A149_5,149,晴れた青空のもとでのんびりと入るお風呂が気持ち良い
A149_6,149,偶然綺麗な鳥が近くの手すりに来た
A149_7,149,海鮮料理が豪華で量が多い
A149_8,149,カジキの煮つけがとろっとろで美味しい
A149_9,149,お刺身が盛り方も綺麗で、一切れ一切れが分厚く美味しい
A149_10,149,東北巡りの中でここの料理が一番良かった
A150_0,150,部屋から海が眺められて朝ははっきり見えた
A150_1,150,夕食の竜宮コースは品数が多く食べきれなかった
A150_2,150,アワビのお刺身、バター焼き、お魚の汁ものなど三陸の食べ物が嬉しかった
A150_3,150,職員の方の優しい対応に満足
A151_0,151,スタッフの接客が素晴らしい
A151_1,151,チェックイン時のフロント男性スタッフ、夕食時の男性スタッフ、朝食時の女性スタッフの対応が良かった
A151_2,151,オーナーの理念が浸透しているのか、土地柄の特色なのか、他の旅館、ホテルにも見習って欲しい
A151_3,151,夕食の量が多く、食べきれなかった
A151_4,151,また利用したい
A152_0,152,露天風呂からの景色が最高
A152_1,152,星空と海に映る月がきれい
A152_2,152,キャンペーンのおかげでお得になった
A152_3,152,朝日も最高
A153_0,153,食事が美味しく、メバチマグロの煮付けやわかめのしゃぶしゃぶなどがたっぷり
A153_1,153,お風呂のお湯は無色透明だが、お肌がツルツルになる
A153_2,153,夜中ずっとお風呂に入れる
A153_3,153,ロビーが広々としていて、コインランドリーがあり、海が一望できる
A153_4,153,部屋が清潔で綺麗
A153_5,153,また利用したい
A154_0,154,日帰り温泉で訪れた
A154_1,154,景色が良かった
A154_2,154,露天風呂が少しぬるかった
A155_0,155,建物が綺麗で快適に過ごせた
A155_1,155,部屋は眺望が良く清潔感がある
A155_2,155,喫煙ルームでもさほど気にならなかった
A155_3,155,海を見ながら露天風呂に入れた
A155_4,155,料理は海の幸がいっぱいでボリューム満点
A155_5,155,足湯があったが、気付くのが遅れて入れなかった
A155_6,155,子供達も楽しかった
A155_7,155,Go toトラベルの対象で価格がリーズナブル
A156_0,156,夫婦で日帰り入浴を利用している
A156_1,156,眺めがとても良い
A156_2,156,大浴場の広さがちょうど良い
A156_3,156,脱衣場の換気扇の掃除中に埃が舞って落ちてきた
A156_4,156,埃が舞っていることに敏感に反応した
A156_5,156,日帰り入浴の客にも配慮してほしい
A157_0,157,部屋おまかせの安いプランで部屋が狭かった
A157_1,157,窓が低く、子供がいるため開けられず息苦しかった
A157_2,157,トイレと洗面台が付いていて助かった
A157_3,157,朝食は地元らしいものが楽しめておいしかった
A157_4,157,山側眺望の部屋だったが、フロント階からの海の景色は開放的
A157_5,157,遠くから来るなら海側をおすすめしたい
A158_0,158,夕食は海藻類がたっぷりで充実
A158_1,158,朝食も海の幸中心で満足
A158_2,158,飲み物とご飯はセルフでお代わり可能
A158_3,158,客室は和室でチェアーが欲しい
A158_4,158,風呂は海に面しており、朝日も見られる
A158_5,158,屋上からの眺望も良い
A159_0,159,至れり尽くせりの温泉宿
A159_1,159,外に足湯がある
A159_2,159,ロビーにコーヒーマシーンがあり、客室への持ち込み可能
A159_3,159,風呂は熱めとゆるめの内湯、露天の3つ
A159_4,159,天気が良ければ日の出を拝める
A159_5,159,夕食は海鮮ものが豊富で、カジキマグロの頭煮は御代わり自由
A159_6,159,朝食は和御膳で普通に旨い
A159_7,159,接客が良い
A159_8,159,ロビーにいる「おおふなとん」が面白い
A160_0,160,2014年に訪れて以来、再び訪問したいと思っていた
A160_1,160,おもてなしの精神に溢れたスタッフ
A160_2,160,美味しい魚がいっぱいの朝ごはん
A160_3,160,海を一望できる温泉でリラックスできた
A161_0,161,格別なおもてなしとご馳走に感激
A161_1,161,夕食はボリューミーで新鮮な三陸の幸が味わえる
A161_2,161,社長は現役の漁師で、おいしい料理を提供したいという想いがある
A161_3,161,温泉でゆっくりくつろげる
A161_4,161,屋上から眺めた大船渡湾の日の出が素晴らしい
A162_0,162,火に油を注ぐような回答や言い訳は二次クレームに発展する可能性がある
A162_1,162,支配人の返信は謙虚で言い訳がない
A162_2,162,お客様の立場になって考えることはいつの時代でも大事
A162_3,162,志田支配人からの返信を望む
A162_4,162,じゃらんは検閲があり、良い口コミしか掲載されない
A163_0,163,太平洋に昇る朝日が見れる絶景のお宿
A163_1,163,強風で電車が止まった際に宿の方が検索してくれて助かった
A163_2,163,とてもいい時間を過ごせた
A164_0,164,ビジネスで利用
A164_1,164,"7,000円と消費税で朝食付き"
A164_2,164,建物は綺麗で立派
A164_3,164,屋上からの景色は全方位絶景
A164_4,164,部屋はこじんまりとしており、布団が敷かれるとスペースがほとんど無い
A164_5,164,デスクは簡易テーブルで、仕事を持ち込むとストレスを感じるかも
A164_6,164,温泉は泉質はそれ程でもないが、海を眺望しながらの入浴は最高
A164_7,164,朝食は品数が多く、大船渡の魅力を味わえる
A164_8,164,ビジネス利用では若干高いが、価格に見合った宿
A164_9,164,近隣にはお店があまり無いので予め用意して行った方が良い
A164_10,164,次回は2食付きの家族旅行で宿泊したい
A165_0,165,平日はお値打ち価格で素晴らしいコスパ
A165_1,165,従業員が親切で明るい
A165_2,165,海外の方も寛いでいた
A165_3,165,眺めが最高で、海側の部屋を用意してくれた
A165_4,165,露天風呂から日の出を眺められて癒やされた
A165_5,165,料理が最高で、朝食に自分で海鮮丼を作れる
A165_6,165,ホテルがとても綺麗
A165_7,165,復興中の大船渡を応援するために宿泊を楽しむことが大切
A165_8,165,また来たい
A166_0,166,急遽晩飯を用意してもらった
A166_1,166,"3,850円で5,000円以上の品数"
A166_2,166,量が多く、フードファイター並み
A166_3,166,朝食も満足いく量
A166_4,166,従業員の対応が親切で気持ち良い
A166_5,166,部屋の気配りが細かく、アメニティが豊富
A166_6,166,また訪れたいホテル
A167_0,167,3度目で海側の部屋に宿泊
A167_1,167,天気が良く夕日を眺めることができた
A167_2,167,途中紅葉も楽しめた
A167_3,167,いわて旅応援プロジェクトを利用できた
A168_0,168,日帰り利用が気軽にできる
A168_1,168,露天の景色が岩手県で一番素晴らしい
A168_2,168,目の前に広がる湾の眺めが素晴らしい
A168_3,168,料理の評判が良い
A168_4,168,宿泊で利用してみたい
A169_0,169,県民割を使い一泊
A169_1,169,スタッフは愛想が良く気遣いが素晴らしい
A169_2,169,館内は清潔だがエレベーターが少し臭う
A169_3,169,部屋はビジネスホテルのような臭いが染み込んでいる
A169_4,169,洗面所がすぐ水が詰まる
A169_5,169,温泉は綺麗で泉質は少ししょっぱくて硬い印象
A169_6,169,塩素の臭いが強い
A169_7,169,朝9時まで入れるのが良い
A169_8,169,料理は味付けが食べやすくお刺身も美味しい
A169_9,169,鮑の肝醤油が欲しかった
A169_10,169,料理の量が多く少食の方には多いと感じる
A169_11,169,追加料理が頼めると良い
A169_12,169,夕食の白米は若干柔らかくベチャついていた
A169_13,169,食事会場が寒かった
A169_14,169,ビールは炭酸が強いが美味しい
A169_15,169,スタッフのホスピタリティが素晴らしい
A169_16,169,売店はセンスが良くお得なものがある
A169_17,169,ロビーの無料コーヒーは酸化して酸っぱかった
A169_18,169,岩手がより好きになった
A170_0,170,親孝行で訪れた
A170_1,170,魚料理に大満足
A170_2,170,品揃えが豊富でこれまで経験がなかった
A170_3,170,お品書きも工夫があって楽しめた
A171_0,171,大船渡温泉に宿泊
A171_1,171,レモンサワーで乾杯
A171_2,171,海鮮しゃぶしゃぶコースを堪能
A171_3,171,前菜に三陸の珍味（メカブ、ホヤ、わかめ煎餅、マンボウ酢味噌）
A171_4,171,香の物に胡瓜の醤油漬け
A171_5,171,造りに鮑、鰹、平目、目梶木
A171_6,171,煮物にカジキマグロの兜煮
A171_7,171,焼物にチダイの塩焼き
A171_8,171,強肴に鮑の踊り焼き
A171_9,171,蒸し物にわかめの茶碗蒸し
A171_10,171,台の物に海鮮しゃぶしゃぶ
A171_11,171,揚物に汐子のパリパリ揚げ
A171_12,171,食事に岩手県産ひとめぼれ使用白飯
A171_13,171,留椀に毛蟹の味噌汁
A171_14,171,果物にメロンと葡萄
A171_15,171,日本酒（多賀多、大船渡温泉）を楽しむ
A172_0,172,朝食がバランス良くて満足
A172_1,172,露天風呂がすごく良かった
A172_2,172,元旦などは特に泊まる価値がある
A173_0,173,日帰り入浴は平日と休日で時間が異なるので注意が必要
A173_1,173,2018年温泉総選挙絶景部門で全国5位に選ばれた
A173_2,173,温泉から海が一望できる景色がきれい
A173_3,173,宿泊のメリットは温泉から日の出が見られること
A173_4,173,大浴場、薬湯、露天風呂がある
A173_5,173,大浴場の温度がちょうどよく、海が一望できる
A173_6,173,薬湯は少し濁りがあり、温さがちょうどよい
A173_7,173,景色がよく、温泉も気持ちよかった
A173_8,173,アクセスが少しネックだが、行って損はない
A174_0,174,フロントのスタッフの対応が素晴らしい
A174_1,174,アレルギーに気を使ってくれた
A174_2,174,夕食はボリューム満点
A174_3,174,朝食も美味しかった
A174_4,174,部屋から見る日の出が最高
A174_5,174,泊まってよかった大賞
A175_0,175,温泉とロケーションは良かった
A175_1,175,食事が旬を過ぎているものや、ほぼお湯の味噌汁でまずかった
A175_2,175,客室で隣や廊下の音が聞こえてうるさかった
A175_3,175,全身刺青の客が風呂に入っていた
A175_4,175,2度と来ない
A176_0,176,地元の有力企業からの勧めで宴会付きで泊まった
A176_1,176,街に入るとひと目で分かる建物
A176_2,176,湾を見下ろす絶景のロケーション
A176_3,176,温泉は低温泉の加熱だが眺めが良好
A176_4,176,料理は地元の幸がふんだん
A176_5,176,昨年美味絶賛だった秋刀魚が今年は不漁で食べられなかったのが残念
A176_6,176,朝食バイキングで海鮮丼ができて満足
A177_0,177,2度目の利用
A177_1,177,朝食に大船渡の郷土菓子『なべやき』が美味しかった
A177_2,177,マグロの兜煮が名物で美味しい
A177_3,177,スタッフの心からのおもてなしが嬉しい
A177_4,177,大船渡の景色と人柄に引き寄せられる
A178_0,178,とてもきれいでフロントまわりが広々としている
A178_1,178,温かい感じで迎えてもらえる
A178_2,178,太平洋を望める露天風呂があり、泉質も良い
A178_3,178,低温のお風呂があり、長くゆっくり入れる
A178_4,178,食事が良く、特にマグロの兜煮が絶品
A179_0,179,温泉は内湯、露天、ぬるま湯があり、長風呂を楽しめる
A179_1,179,露天風呂の景色が良く、外気温と湯温のバランスが秀逸
A179_2,179,食事がボリュームがあり、美味しい
A179_3,179,本当にオススメの宿
A180_0,180,温泉、景色、海が素晴らしい
A180_1,180,部屋のベランダにツバメの巣があり、子育て中でほっこりできる
A180_2,180,料理のボリュームがあり、追加の船盛りも豪華で食べきれないほど
A180_3,180,露天風呂から海を眺めるのが最高で、特に夜の雰囲気が良い
A180_4,180,温泉は少し塩気がある
A180_5,180,自動販売機にハイボールなどビール、サワー以外のアルコールも置いてほしい
A181_0,181,海の風景がとてもきれい
A181_1,181,崖の上の温泉宿で朝焼けがとても綺麗
A182_0,182,絶好の景色と鮮度抜群の夕食が魅力
A182_1,182,朝からオリジナルの海鮮丼が楽しめる
A182_2,182,従業員の心配りが素晴らしい
A182_3,182,価格に見合わないサービス
A182_4,182,岩手に用事がある時は大船渡温泉にしか泊まらない
A182_5,182,山側の部屋でも良いが、海側にも泊まりたい
A182_6,182,屋上やロビーからの景色が最高
A182_7,182,旬のお魚が出る夕食が楽しみ
A182_8,182,岩手県に行く人には絶対お勧めの旅館
A183_0,183,部屋はとても綺麗で快適
A183_1,183,海が一望できる部屋で眺望が最高
A183_2,183,露天からも海が見える
A183_3,183,スタッフの対応が丁寧
A184_0,184,五階海側の部屋に泊まり、朝陽が素晴らしい
A184_1,184,大浴場の露天風呂で海の絶景を楽しめた
A184_2,184,部屋の風呂は窓の位置が高く、湯船に入ると空しか見えないのが残念
A184_3,184,料理は海のもの満載で、家庭料理のようなボリューム満点
A185_0,185,リーズナブルな価格で非の打ち所がない宿
A185_1,185,料理、部屋、施設、接客がしっかりしている
A185_2,185,料理は素晴らしくボリュームがある
A185_3,185,お土産のワカメもおすすめ
A185_4,185,また行きたい宿
A186_0,186,日帰り温泉を利用
A186_1,186,眺望が太平洋を見渡せて最高
A187_0,187,大船渡宿泊割でお得に宿泊できた
A187_1,187,オーシャンビューを堪能し、日の出が綺麗に見えた
A187_2,187,夕食で新鮮な魚介類を堪能し、ホヤが美味しかった
A187_3,187,カジキマグロの煮付けがおかわり自由で美味しかった
A187_4,187,スタッフの対応が良かった
A187_5,187,友人や家族とまた泊まりに来たい
A188_0,188,料理が旨い
A188_1,188,カジキマグロの兜煮が看板メニューで御代わり自由
A188_2,188,食事中の接客が気がきいている
A188_3,188,炊飯器の上にアクリル版でコロナ対策をしている
A188_4,188,風呂は熱めとゆるめの内湯、露天がある
A188_5,188,天気が良ければ日の出を拝める
A188_6,188,日帰り入浴客とバッティングしないのでストレスなし
A189_0,189,部屋が清潔で清掃が行き届いている
A189_1,189,部屋の窓から湾が広がり、オープンな気持ちになれる
A189_2,189,今回は天気に恵まれず朝日が見られなかった
A189_3,189,次回は2食付きで泊まりたい
A190_0,190,館内はとても綺麗
A190_1,190,崖の上に建っているため眺望が最高
A190_2,190,夕食は海の幸尽くしで美味しい
A190_3,190,名物のカジキマグロの兜の煮付けが特に美味しかった
A191_0,191,海側ではない部屋でお得に泊まれた
A191_1,191,料理が美味しく、料金以上の価値を感じた
A191_2,191,部屋で食事をゆっくり楽しめた
A191_3,191,海の見えるお風呂と露天風呂があり、ゆっくりできた
A191_4,191,屋上からも海が見えて気持ちよかった
A191_5,191,コロナ対策がしっかりしている
A191_6,191,従業員の対応が良かった
A192_0,192,2名で宿泊したが、浴衣の帯が無かった
A192_1,192,フェイスタオルとバスタオルも無かった
A192_2,192,部屋の準備が不十分
A192_3,192,フロントの対応が不適切
A193_0,193,初めて綺麗な日の出を見て感動した
A193_1,193,屋上、ロビー、露天風呂からの日の出を楽しんだ
A193_2,193,温泉総選挙の絶景部門3位
A193_3,193,建物全体が綺麗で、ネットの写真以上
A193_4,193,ビジネスホテルの値段で高級温泉宿のサービス
A193_5,193,支配人のコメントが心温まる
A193_6,193,食事が美味しく、特にワカメが最高
A193_7,193,ワカメを自由に持ち帰れる
A194_0,194,2021/01/02に日帰り温泉を利用
A194_1,194,大人480円で高クオリティ
A194_2,194,内風呂は2種類あり、1つは無色で一般的な効能、もう1つは茶色のぬるめのゆず湯
A194_3,194,海が見える露天風呂があるが、雨の日は辛いかも
A194_4,194,洗い場とドライヤーが多く、満点
A194_5,194,お風呂上がりに寛げる畳2畳のスペースが6つ
A194_6,194,営業時間が11:00~14:30と短いのが残念
A194_7,194,サウナはない
A194_8,194,ベビーとオムツゴミ箱が設置されている
A195_0,195,10月に泊まった
A195_1,195,露天風呂から海が見渡せて広々とした解放感
A195_2,195,晩御飯のサンマ尽くしが素晴らしかった
A195_3,195,サンマ以外の料理も盛りだくさんで食べきれないほど
A195_4,195,社長が採ってくるわかめや魚のあらの煮つけが美味しい
A195_5,195,施設がきれいで、スタッフが親しみやすく感じが良い
A196_0,196,朝日が最高に良い
A196_1,196,屋上や風呂から楽しめる
A196_2,196,夕御飯は食べきれないくらいの海鮮
A196_3,196,アワビの踊り焼きが旨かった
A196_4,196,アワビ刺身がコリッコリでたまらない
A196_5,196,お風呂は広々として眺めも良い
A196_6,196,温度も丁度良く長風呂もOK
A196_7,196,リピート間違い無し
A197_0,197,大雪の中、仙台からやや遠いが訪れた
A197_1,197,5階から見下ろす大船渡湾の絶景が格別
A197_2,197,食事が食べきれないほどで美味しい
A198_0,198,三陸で有名ではないが好評価の宿
A198_1,198,良心的なお値段で最高の景観
A198_2,198,お料理もお風呂も大満足
A198_3,198,魚料理が好きな方にお勧め
A199_0,199,GoToトラベルで1泊利用
A199_1,199,生ものアレルギーに対応してくれた
A199_2,199,角部屋オーシャンビュー
A199_3,199,海鮮しゃぶしゃぶと舟盛り5種の量・質が最高
A199_4,199,カジキマグロの煮込み料理が美味しい
A199_5,199,生ものから牛肉に変更され、霜降りの柔らか牛を楽しめた
A199_6,199,帰りに根昆布のサービス品をいただいた
A199_7,199,また来たくなる宿
A200_0,200,全てにおいて大満足
A200_1,200,誕生日にケーキを用意してくれた
A200_2,200,特別室の眺望がとても良い
A200_3,200,朝夕は部屋食でゆっくり味わえた
A200_4,200,朝日が昇るときは感動的
A200_5,200,従業員の対応が最高
A201_0,201,日帰りで温泉を利用
A201_1,201,海を眺めながらの温泉が気持ちよく、日々の疲れが癒される
A201_2,201,温泉選挙で絶景部門2位
A201_3,201,また来たい
A202_0,202,チェックイン時にアレルギー確認がなかった
A202_1,202,料理は豪華で、夕食スタッフは好感が持てた
A202_2,202,館内はスリッパを履き、下駄箱には鍵がついている
A202_3,202,食事の時間がグループに分かれており、他のお客様と距離を保って食事を楽しめる
A202_4,202,海鮮三昧のお料理が美味しかった
A202_5,202,日の出の時間がエレベーター前のボードに書いてある
A202_6,202,お風呂や屋上から日の出を見るのがきれい
A202_7,202,駐車場に足湯がある
A203_0,203,特別泉質がすごいわけではない
A203_1,203,サービスが手厚いわけではない
A203_2,203,入り口を入った奥のロケーションに圧倒された
A204_0,204,部屋からのオーシャンビューは宿泊料金以上の価値がある
A204_1,204,夕飯は食べ切れない量の海鮮料理が出てくる
A204_2,204,接客がとても良い
A205_0,205,宿泊申し込み時のメールを印刷して持参すると受付がスムーズ
A205_1,205,スタッフの対応が分かりやすく、安心感を与えてくれる
A205_2,205,夕食の海鮮が美味しいが、コースが出てくるのが少し早い
A205_3,205,量が少し多いが、味が良い
A205_4,205,お風呂が綺麗で、深夜でも入れる大浴場や露天風呂がある
A205_5,205,建物と部屋が綺麗
A205_6,205,海側の部屋の眺めが良い
A205_7,205,スタッフの対応がとても良い
A205_8,205,全体的に満足できる宿泊施設
A206_0,206,ロビーと浴場からの大船渡港の眺めが素晴らしい
A206_1,206,食事の量と質に大満足
A206_2,206,一泊2食で13000円ほどのクオリティは中々無い
A206_3,206,シードルはボトルで4000円程でオススメ
A207_0,207,ビジネスマン用に一人で宿泊できる部屋がある
A207_1,207,山側であればリーズナブルな価格で利用できる
A207_2,207,山側でもフロントや屋上から三陸海岸が見える
A207_3,207,高級旅館のサービスはないが、ビジネスやちょっとした旅行に最適
A208_0,208,コロナの影響で朝食はバイキング形式ではなかった
A208_1,208,晩飯と朝食共にボリュームが多く満腹
A208_2,208,味付けが少し濃かった
A208_3,208,屋上に行けるので夜空を撮影できる
A208_4,208,日の出時間が書いてあり、朝早く起きて屋上に行くのも良い
A208_5,208,温泉の温度が丁度良い
A208_6,208,接客が良く不満はない
A209_0,209,従業員の心配りは良い
A209_1,209,ネット予約サイトで朝食が海鮮丼と記載されていたが、実際は和定食だった
A209_2,209,事前にわかっていたら泊まらなかった
A210_0,210,日帰り入浴で利用
A210_1,210,入浴料は480円で安い
A210_2,210,源泉100%を循環、加熱
A210_3,210,微かに塩素臭がする
A210_4,210,内湯や露天風呂からの絶景を楽しめる
A210_5,210,コロナ対策でアルコール消毒と検温を実施
A210_6,210,脱衣所のカゴは間隔を空けて配置
A211_0,211,景色が絶景
A211_1,211,料理のボリュームがあり満足
A211_2,211,朝日が見える時間に露天風呂を利用
A211_3,211,綺麗な朝日が見れた
A211_4,211,カモシカが遊びに来ていた
A212_0,212,入浴可能の温泉がある
A212_1,212,駐車場が広め
A212_2,212,館内脇にトイレがあり便利
A212_3,212,館内は綺麗
A212_4,212,日帰りの場合は券売機で入浴券購入のシステム
A212_5,212,コインランドリーコーナーがあり助かる
A212_6,212,シャワーの水圧が低い
A212_7,212,サウナと水風呂がない
A212_8,212,露天風呂から見る海が最高
A212_9,212,また三陸に来る機会があったら利用したい
A213_0,213,海の見える広い部屋で景色が良かった
A213_1,213,温泉は夜も朝も入れる
A213_2,213,露天風呂で景色を見ながらのんびりできる
A213_3,213,朝食の種類が多く良かった
A213_4,213,下駄箱の掃除がうるさく、気分が悪かった
A214_0,214,料理が美味しい
A214_1,214,館内は清潔感がある
A214_2,214,部屋からの眺めが良い
A214_3,214,日の出が見られる
A214_4,214,露天風呂から星空が見える
A215_0,215,窓から見える海の景観が和む
A215_1,215,料理へのこだわりを感じる
A215_2,215,カブト煮が絶品
A215_3,215,ワカメのしゃぶしゃぶが期間限定で提供されている
A215_4,215,フロントのスタッフの対応が素晴らしい
A215_5,215,絶対におすすめの温泉宿
A216_0,216,夕食の茎ワカメやワカメのしゃぶしゃぶ、もうかの星が絶品
A216_1,216,朝食も満足
A216_2,216,しょっぱい温泉で熱め・温め・露天の風呂がある
A216_3,216,大浴場は日帰り入浴ができ、土日祝は19時～20時まで混んでいるかも
A216_4,216,レンタサイクルの貸出があり、椿祭りへ行くのに良い
A217_0,217,2回目の宿泊
A217_1,217,館内は清潔感がある
A217_2,217,料理が贅沢で何回も行きたくなる
A217_3,217,コロナ対策がしっかりされている
A217_4,217,チェックイン時に2回目の利用を把握してくれて嬉しかった
A218_0,218,大浴場と美味しい朝食がある
A218_1,218,コインランドリーやお土産売場があって便利
A218_2,218,日の出がとても良かった
A218_3,218,次はプライベートで来たい
A219_0,219,日帰り温泉利用で料金430円
A219_1,219,シャンプー類あり
A219_2,219,ボリュームたっぷりのソフトクリームが250円
A219_3,219,温泉質はアルカリ、ナトリウム質
A219_4,219,広い室内で大船渡湾を一望できる
A219_5,219,露天風呂は小さいが頭寒足熱に最適
A219_6,219,コストパフォーマンスが最高
A219_7,219,キレイなロビーで大船渡湾を眺められる
A220_0,220,初めて日帰り温泉に行った
A220_1,220,露天風呂の景色が最高
A220_2,220,お風呂あがりのロビーの景色も素晴らしい
A220_3,220,回数券を買うか悩んだ
A220_4,220,また行ってのんびりしたい
A221_0,221,新築のアットホームな民宿
A221_1,221,畳の部屋でのんびりできる
A221_2,221,オーナーが漁師で食事が新鮮な海の幸
A221_3,221,朝食のバイキングが満足感いっぱい
A221_4,221,海の眺望が最高で太陽が眩しい
A221_5,221,また行きたい
A222_0,222,高台にあるホテルでオーシャンビューの温泉が最高
A222_1,222,フロントで日の出の時間を教えてくれる
A222_2,222,朝日を見ながらの露天風呂での朝風呂が最高
A223_0,223,絶景ランキング1位ということで予約
A223_1,223,絶景だった
A223_2,223,食事が食べきれないくらいのご馳走
A223_3,223,お風呂も良くて大満足
A223_4,223,夕ごはんが多すぎてもったいない
A224_0,224,初めての三陸を訪れた
A224_1,224,風呂は少し熱め
A224_2,224,夕食は魚中心で量が多かった
A224_3,224,朝食はバイキングで種類が多く満足
A224_4,224,露天風呂からの朝日が最高でオススメ
A225_0,225,日帰り温泉として利用
A225_1,225,料金が430円と安い
A225_2,225,塩素臭はなく良い湯
A225_3,225,内湯と洗い場が広い
A225_4,225,露天風呂からの眺めが最高
A225_5,225,フロントの接客が良い
A225_6,225,次回はここに泊まろうと思った
A226_0,226,風呂が最高
A226_1,226,露天風呂のロケーションが素敵
A226_2,226,漁師めしが最高
A227_0,227,最もコストパフォーマンスに優れている
A227_1,227,素泊まりで5000円しないプランでも最高
A227_2,227,スタッフの対応、部屋の設備、清潔感が良い
A227_3,227,温泉と綺麗な景色が楽しめる
A227_4,227,朝日を見ながら露天風呂に入れる
A227_5,227,車でないと行きづらい
A227_6,227,大船渡へ行く機会があれば是非行くべき
A228_0,228,秋刀魚の塩焼きとホヤが非常に美味しかった
A228_1,228,品数と量が多く、食べきれなかった
A228_2,228,また行きたい宿
A229_0,229,震災後に被災地を元気づけるために建てられた
A229_1,229,ハードはホテル、ソフトは民宿のDNAを引き継ぐユニークな宿泊施設
A229_2,229,料理は最高で、経営者が漁師
A229_3,229,マグロのカマ煮が名物で、コラーゲンがトロトロ
A229_4,229,日帰り入浴が390円で超破格
A229_5,229,オープンしたての綺麗な天然温泉
A229_6,229,温泉から大船渡湾を一望でき、露天風呂で満月と漁火を楽しめる
A230_0,230,絶景の宿としてテレビで放映された
A230_1,230,フロントが親切で質問にテキパキと対応
A230_2,230,パンフレットがシンプル過ぎて残念
A231_0,231,母の誕生日祝いで訪れた
A231_1,231,スタッフの対応が素晴らしかった
A231_2,231,次回は宿泊も兼ねて訪れたい
A232_0,232,店内は広く、休憩所やお土産を買うところがある
A232_1,232,洗濯機がある
A232_2,232,温泉から大船渡湾が一望できる
A232_3,232,サウナはない
A232_4,232,入銭料が安め
A233_0,233,景色、料理、お湯が良い
A233_1,233,家族でまた来たい
A233_2,233,台風直撃でも超豪華なお食事と温泉を楽しめた
A233_3,233,スタッフの対応が良く、過去一番の思い出になった
A234_0,234,初日の出を温泉に入りながら拝める
A234_1,234,温泉は若干塩気があり、湯船が2つ、片方はぬるめの30～35℃
A234_2,234,露天風呂がある
A234_3,234,宿泊部屋は布団を3人分敷くとぎっちり
A234_4,234,冷蔵庫に水が2本入っている
A234_5,234,大晦日に年越し蕎麦が振る舞われる
A234_6,234,元旦には餅つきが行われる
A234_7,234,夕飯は海の幸のしゃぶしゃぶコース
A234_8,234,ウェルカムドリンクは別料金
A234_9,234,朝食はバイキングで品揃えが豊富
A234_10,234,部屋の蛍光管が切れたが迅速に対応してもらえた
A235_0,235,ホテルは大船渡にあり、震災の被害を受けた場所
A235_1,235,震災の痕跡を見たいならこのホテルに滞在するのがおすすめ
A236_0,236,一泊朝食付きで利用
A236_1,236,お風呂や屋上から海が見えて開放感がある
A236_2,236,部屋が清潔で綺麗
A236_3,236,フロントの対応が丁寧
A236_4,236,朝食バイキングが種類豊富で楽しめた
A237_0,237,修学旅行で6月22日と23日に宿泊
A237_1,237,ご飯が美味しかった
A237_2,237,スタッフが優しく、最後まで旗や手を振ってくれた
A237_3,237,良い思い出になった
A238_0,238,料理が美味しい大型温泉旅館
A238_1,238,地元産の魚介類の料理が美味しい
A238_2,238,温泉は海が見える露天風呂と室内風呂がある
A238_3,238,海側の景色は津波対策の防波堤があり微妙
A238_4,238,窓の掃除が不十分
A238_5,238,山側や訳ありで料理にお金を回すのも有り
A238_6,238,頑張ってる東北を観光するのにオススメ
A239_0,239,五階の角部屋にアップグレードしてもらえた
A239_1,239,スタッフの教育が良く、気持ち良く過ごせる
A239_2,239,温泉には露天風呂と内風呂があり、洗い場も多い
A239_3,239,脱衣所が清掃されている
A239_4,239,客室の無線LANの電波がギリギリだが、パス設定が無いので使いやすい
A239_5,239,アメニティが充実している
A239_6,239,浴衣のサイズを自分で選べる
A239_7,239,食事のボリュームがあり、スタンダードなコースで満足
A240_0,240,建物が新しくて良かった
A240_1,240,接客が良かった
A240_2,240,部屋から海がよく見えて最高
A240_3,240,温泉も食事も良かった
A240_4,240,今度はゆっくり連泊したい
A241_0,241,リーズナブルな価格で綺麗な客室と美味しい料理
A241_1,241,朝のロビーから見える海の景色が素晴らしい
A241_2,241,またリピートしたくなる宿
A242_0,242,Ofunato Onsen is recommended for enjoying a hot spring and fresh seafood dishes
A242_1,242,Convenient location for visiting disaster areas like Rikuzentakata and Ofunato
A243_0,243,"一泊朝食付2連泊で17,490円（入湯税別）"
A243_1,243,朝食は手作り定食で全体的に薄味
A243_2,243,杏仁豆腐は濃厚で甘すぎず良い感じ
A243_3,243,温泉は冷鉱泉の加熱循環で塩素臭は気にならない程度
A243_4,243,部屋おまかせプランだと山側になる可能性がある
A243_5,243,ドライヤーは大浴場で使用可能
A243_6,243,夕飯はタクシーで大船渡市街地へ
A243_7,243,BRTの乗降場所が変更されていることを知らず、少し途方に暮れた
A243_8,243,楽天トラベルの館内設備にあるマッサージサービスは現在ない
A244_0,244,足湯だけ利用した
A244_1,244,次は宿泊したい
A245_0,245,日帰り入浴に来た
A245_1,245,お風呂は内湯2つと露天1つ
A245_2,245,お昼過ぎでほぼ貸し切りだった
A245_3,245,浴室も脱衣場も綺麗で気持ち良く入れた
A245_4,245,近いのでこれからは頻繁に来ようと思う
A246_0,246,47都道府県の旅館やホテルに泊まった中で非常に心地良く、コスパの良い宿泊
A246_1,246,スタッフの対応が快適で清潔
A246_2,246,温泉、広々としたロビーやお部屋が快適
A246_3,246,心からオススメの宿
A247_0,247,都会人は物足りなさを感じるかもしれない
A247_1,247,露天風呂から見た大船渡湾はやすらぎ
A247_2,247,朝焼けの景色が代え難い
A247_3,247,素敵な想いが残るホテル
A248_0,248,サウナ、水風呂、休憩スペースの設置を検討してほしい
A248_1,248,絶景とサウナブームで話題になる可能性がある
A249_0,249,晩ごはんの量が多いが美味しい
A249_1,249,部屋からの眺望が良く、朝日がきれいに見える
A249_2,249,大浴場の景色が良く最高
A249_3,249,また訪れたい宿
A250_0,250,日帰り温泉利用が可能で、18時まで430円とリーズナブル
A250_1,250,風呂は20人も入れば窮屈
A250_2,250,露天から湾を一望できる
A250_3,250,洗濯機がある
A250_4,250,休憩所でWiFiが利用でき、ごろ寝ができる
A251_0,251,部屋に布団が二つ折りで出してあったのは興ざめ
A251_1,251,食事がとても美味しかった
A251_2,251,風呂に入れる時間が朝8時半までで長い
A251_3,251,部屋から海が見れない場合は屋上に行くと良い
A251_4,251,屋上からの景色が素晴らしい
A252_0,252,養殖筏の浮かぶ入江が見渡せる高台にある新しいホテル
A252_1,252,温泉からの海の眺望が素晴らしい
A252_2,252,屋上から360度の風景を堪能できる
A252_3,252,素泊まりでも宿泊可能
A253_0,253,日帰り入浴は430円でシャンプーなどは備え付け
A253_1,253,風呂は綺麗で値段的にお得
A253_2,253,日帰り入浴の時間は11時から20時、祝日前は11時から15時
A253_3,253,泊まらないと露天風呂からの日の出は見れない
A254_0,254,震災後にオープンしたホテル
A254_1,254,スタッフの気配りが最高
A254_2,254,海側の部屋の眺めが最高
A254_3,254,朝日が良かった
A254_4,254,また行きたい
A255_0,255,二回目の訪問
A255_1,255,繁盛していて活気がある
A255_2,255,お風呂の塩素濃度が高すぎて体に臭いが残った
A256_0,256,海側の部屋を利用
A256_1,256,館内と部屋が綺麗で清潔感がある
A256_2,256,大きな窓からベランダに出られる
A256_3,256,雨模様で眺望は残念だったが、また来たいと思った
A256_4,256,夕食の量が多く、美味しさで完食してしまった
A256_5,256,露天風呂でウミネコの声を聞きながらリラックス
A256_6,256,また来たいと思う宿
A257_0,257,風呂から海が広く望めて非常に眺めが良い
A257_1,257,カジキの兜煮が目を引く
A257_2,257,早取りワカメのしゃぶしゃぶも美味しかった
A257_3,257,部屋の畳が小さめ
A258_0,258,朝日が美しい
A258_1,258,海鮮料理がとても美味しい
A258_2,258,料理の量が多く、残してしまった
A258_3,258,フードロスが多い点はマイナス
A259_0,259,二人部屋で家族が別れて泊まったので少し残念
A259_1,259,食事のサービスが抜群に良い
A259_2,259,食べきれないほどの海の幸が満載
A259_3,259,お客さんが多くても一人ひとりに行き届いたサービス
A259_4,259,また来たい
A260_0,260,三陸の海産物を楽しむために利用
A260_1,260,周りにコンビニや居酒屋が無く不安だったが、晩ごはんでその不安は解消
A260_2,260,美味しい海産物がたくさん出てきた
A260_3,260,お風呂や部屋からの海の眺めがとても良い
A260_4,260,今度は家族を連れて利用したい
A261_0,261,日帰り温泉で料金が安い
A261_1,261,浴槽が広く、内風呂はぬるま湯と二つある
A261_2,261,露天風呂の湯加減が良い
A261_3,261,風呂からの眺めが最高
A261_4,261,サウナがあれば尚良い
A262_0,262,日帰り利用で大人420円はありがたい
A262_1,262,鍵つきロッカーとドライヤーがある
A262_2,262,アメニティにめん棒があれば良かった
A262_3,262,サウナがないのが残念
A262_4,262,自販機にビールがなかった
A263_0,263,夕食は食べきれないほどの魚介料理
A263_1,263,野菜類が少ないのが残念
A263_2,263,眺めが良い
A263_3,263,大船渡や近郊観光の拠点や釣り観光に良い
A264_0,264,最高のひと時を過ごせた
A264_1,264,東向きの露天風呂からの朝日が格別
A264_2,264,ゆっくりと登る太陽と穏やかな波の音が最高
A265_0,265,眺めの素晴らしい温泉がある
A265_1,265,最寄り駅の下船渡駅まで送迎してくれる
A265_2,265,館内で好きな地酒を買えないのが残念
A266_0,266,日帰り温泉は時間で値段が違う: 11～18時は430円、18～20時は800円
A266_1,266,内湯2つ（1つはぬる湯）、露天1つ
A266_2,266,塩化物泉でしょっぱい
A266_3,266,男湯には化粧品がない
A266_4,266,露天は広くないが、大船渡の湾を一望できる
A266_5,266,東側なので夕日は見えないが、夜の星空と海が美しい
A266_6,266,イカ釣りの漁り火が見えることもある
A266_7,266,一泊二食で8000円～2万円前後
A266_8,266,キャッセンで飲み食いしてから泊まるのも良し、ここで豪華に舟盛を堪能するのも良し
A266_9,266,マグロのカマの煮付けはおすすめ
A267_0,267,サウナー、ジェット風呂、泡風呂がない
A267_1,267,日帰り入浴が大人430円とリーズナブル
A267_2,267,露天から見える景色は島国と海の絶景
A267_3,267,明朝には日の出が見れそう
A268_0,268,碁石海岸に近いホテル
A268_1,268,大船渡碁石海岸ICを降りてすぐ
A268_2,268,温泉は一般客が多く利用しているので、すいた頃に入り直すのがお勧め
A268_3,268,露天風呂から海が見える
A268_4,268,料理は海の幸の種類が多く満足できる
A268_5,268,朝のバイキングのメニューが豊富
A268_6,268,free Wi-Fiあり
A269_0,269,オーシャンビューの部屋を予約するのがおすすめ
A269_1,269,個室の内風呂からでも海が見える
A269_2,269,料理は魚尽くしで、マグロの兜焼き付き
A269_3,269,下船渡の駅から少し歩くので送迎依頼をおすすめ
A269_4,269,車で行く場合はインター降りたらすぐ
A270_0,270,刺身が美味しい
A270_1,270,マグロの兜焼は後半脂がキツくなるが美味しい
A270_2,270,お風呂から湾を広角に見下ろす眺望が良い
A270_3,270,ホテルの各サービスは普通
A271_0,271,入浴券を券売機で購入する方式
A271_1,271,料金は手頃
A271_2,271,露天風呂は海に面している
A271_3,271,うみねこの声を聞きながら露天でまったりできる
A271_4,271,風呂上がりにソフトクリームを食べながらゆっくりするのがオススメ
A272_0,272,露天風呂から海を眺められて良かった
A272_1,272,ラウンジからの海の眺めが最高
A272_2,272,風呂上がりのソフトクリームが格別
A273_0,273,駐車場の奥に海が見える無料の足湯がある
A273_1,273,タオルはホテルの受付で購入可能
A273_2,273,虫の季節にはたくさん虫が出る
A273_3,273,トイレがすぐそばにある
A273_4,273,構内は徐行が必要
A274_0,274,ご飯が最高
A274_1,274,露天風呂の眺めが良い
A274_2,274,スタッフが親切
A275_0,275,沿岸ならではの塩っぽい温泉
A275_1,275,館内とお風呂が綺麗で落ち着く
A275_2,275,浴槽は2つあり、あまり大きくない
A275_3,275,小さい風呂は低い温度で、最初は温くていいが段々寒くなる
A275_4,275,大きい風呂に入った後、小さい風呂に入ると寒い
A276_0,276,おすすめのお宿
A276_1,276,料理は実質本位で丁寧な味付け
A276_2,276,サービスが心地よい
A276_3,276,また近くに来たときには泊まりたい
A277_0,277,大船渡湾と太平洋が一望できる
A277_1,277,夏は漁り火がきれい
A277_2,277,太平洋から昇る初日の出を客室から見られる
A277_3,277,大浴場からの眺めが良い
A277_4,277,ロビーで催し物がある
A277_5,277,料理が新鮮で美味しい
A277_6,277,宿泊料金から考えるとコスパが高い
A278_0,278,海側の部屋から日の出が見られる
A278_1,278,海鮮が好きな人にオススメ
A278_2,278,舟盛りは食べきれないほどの量
A278_3,278,スタッフの感じが良い
A279_0,279,館内が清潔でロビーの配置がすっきりしている
A279_1,279,料理と温泉が素晴らしい
A279_2,279,部屋は狭いが問題なし
A279_3,279,料金が良心的
A279_4,279,家族7人で利用し、みんな喜んでいた
A280_0,280,部屋の外に広がる海に養殖のいかだが多数
A280_1,280,早朝の日の出とともに漁師がホタテの収穫をしている
A280_2,280,温泉の露天からの景色が満点
A280_3,280,去年は酒田の日本海、今年は大船渡の太平洋でいい経験
A280_4,280,朝日と夕日が素晴らしい
A281_0,281,GOTOトラベルで利用
A281_1,281,夕飯のマグロの頭が丸ごと煮込まれた料理がとても美味しかった
A281_2,281,サプライズでケーキや花束のプランを予約し、宿の対応が良かった
A281_3,281,彼女にバレないように筆談で対応してくれた
A282_0,282,素泊まり5000円プランは良心的
A282_1,282,部屋は料金相応の広さ
A282_2,282,館内全体に清潔感がある
A282_3,282,次回は食事付きプランで泊まりたい
A283_0,283,料理はすごくおいしい
A283_1,283,鮪の兜煮はおかわりできるが、脂がしつこい感あり
A283_2,283,ロビーの奥がガラス張りで、大船渡湾から太平洋に出入りする船が観れる
A283_3,283,部屋からも船が観れる
A283_4,283,風呂から朝日が上るのが観れる
A283_5,283,アメニティグッズは寂しいかも
A284_0,284,オーシャンビューが素晴らしい
A284_1,284,天気が悪くて日の出が見えなかったのが残念
A284_2,284,夕食は新鮮な素材で美味しかった
A284_3,284,ランドリー室の段差が危険
A285_0,285,眺望の良くない部屋でも朝日がとても綺麗
A285_1,285,料理、お風呂、スタッフの対応が全て良かった
A286_0,286,日帰り温泉でいつも利用している
A286_1,286,海が見える素敵な温泉
A287_0,287,1階ホールからのオーシャンビューが最高
A287_1,287,食事はまずまず良かった
A287_2,287,部屋は和室だがビジネスホテルより狭い
A287_3,287,喫煙所は外と屋上の階段室にあるが換気扇がない
A288_0,288,夕食は魚介好きには嬉しいボリュームと質
A288_1,288,個人的に魚介が得意でないので評価低め
A288_2,288,お風呂は若干熱めだが良い
A289_0,289,ソフトクリームが大好き
A289_1,289,お風呂は少ししょっぱい
A289_2,289,夜しか入ったことがないので景色を楽しんだことがない
A289_3,289,朝風呂したら気持ち良さそう
A290_0,290,施設が新しく清潔感がある
A290_1,290,スタッフが親切で気持ちよく過ごせた
A290_2,290,ご飯がとても美味しかった
A290_3,290,普段食べられない海鮮を楽しめた
A290_4,290,夕食を食べきれなかったのが心残り
A291_0,291,新鮮な魚介類が堪能できた
A291_1,291,海側の部屋でも防潮堤のため眺望が期待ほどではなかった
A291_2,291,温泉は日帰り客が多く、気持ちの良い状態ではない
A292_0,292,きれいで温泉が気持ちいい
A292_1,292,料金は美味しいし、量も多い
A292_2,292,カジキマグロの兜煮が名物料理
A292_3,292,日の出がきれい
A293_0,293,市街地から近く、行きやすい温泉
A293_1,293,大浴場と露天風呂からの眺めが最高
A293_2,293,日帰り入浴は430円
A293_3,293,露天風呂で鹿が目の前を歩いていった
A294_0,294,日帰り入浴を利用
A294_1,294,温泉総選挙の絶景部門第3位
A294_2,294,日帰りは11:00から14:30まで
A294_3,294,熱めで気持ちよい
A294_4,294,露天風呂は海水っぽい香り
A295_0,295,景色は最高のはずだが、海霧と曇り空で残念だった
A295_1,295,最上階の角部屋を予約したが、隣の部屋の赤ちゃんの鳴き声が気になった
A296_0,296,布団二組敷いていっぱいの部屋
A296_1,296,ビジネスホテルと割り切るならあり
A296_2,296,朝食は配膳で、飲み物はセルフサービス
A297_0,297,とろとろの甘い生ウニとコリコリのアワビを堪能
A297_1,297,日本酒が進む
A297_2,297,料理が絶品で量も多い
A297_3,297,部屋がオーシャンビューで最高
A297_4,297,また絶対に行くと確信している
A298_0,298,日帰り温泉を利用
A298_1,298,リーズナブルで海が大きく見える露天風呂がある
A298_2,298,オススメ
A299_0,299,スタッフの気遣いが素晴らしい
A299_1,299,料理は海鮮がおなかいっぱいになるほど味わえる
A299_2,299,お風呂の種類は少ないが、露天風呂からの海の景色に癒される
A300_0,300,日帰り温泉は11:00から15:00まで（受付は14:30まで）
A300_1,300,三陸の海に面した露天風呂が最高、特に女湯の景色が素晴らしい
A300_2,300,宿泊の場合、ボリューム満点で美味しい夕飯がオススメ
A301_0,301,大船渡の入江の高台に建つ温泉旅館
A301_1,301,"1泊朝食付き7,200円で、近くのルートインに泊まるより価値がある"
A301_2,301,海側の景色はそのまま見るだけで落ち着く
A302_0,302,海に面していて眺めが最高
A302_1,302,料理が素朴だが美味しくて大満足
A302_2,302,お風呂で夜中から明け方の日の出を見ながら入浴できる
A303_0,303,景色が最高
A303_1,303,施設が新しくてとてもきれい
A303_2,303,外来入浴だけでは勿体ないので次回は泊まりで来たい
A303_3,303,フロントで注文できるソフトクリームがとても美味しい
A304_0,304,食事が美味しく、施設がきれい
A304_1,304,オーシャンビューの大浴場が特に気に入った
A304_2,304,夕食のあわびのステーキが特に気に入った
A305_0,305,海を見ながら入るお風呂が最高
A305_1,305,部屋がマンションのようで誰かの家にいる感じ
A305_2,305,広さはあってよかった
A306_0,306,料理がおいしい
A306_1,306,従業員が元気で最高
A306_2,306,かぶと煮、あわび、サンマの塩焼きが最高
A306_3,306,露天風呂も最高
A307_0,307,5階の部屋から見る日の出が最高
A307_1,307,朝食付きプランのバイキングが良かった
A307_2,307,車で少し行けばレストランもあり、食べるところには困らない
A308_0,308,BRT大船渡丸森駅からすぐで便利
A308_1,308,景色が素晴らしい
A308_2,308,お風呂からの景色も良い
A308_3,308,お湯は少しぬるめ
A308_4,308,無料で利用できる足湯がある
A309_0,309,海が目の前
A309_1,309,海を臨める露天風呂が最高
A309_2,309,施設が新しくてきれい
A309_3,309,日帰り入浴が430円で安い
A309_4,309,いつか泊まってみたいと思わせる施設
A310_0,310,日帰り温泉を利用したが、露天風呂と内風呂のお湯が汚い
A310_1,310,スタッフの感じは良いが、温泉は残念
A311_0,311,日帰りで行った
A311_1,311,目の前が海で、潮風と海ねこと露天風呂のロケーションが初めて
A311_2,311,次回は泊まりで行きたい
A312_0,312,夕方は入浴のみの方々が多く大浴場が混んでいる
A312_1,312,部屋風呂もオーシャンビューで良い
A313_0,313,お湯が熱い
A313_1,313,露天風呂は外の気温とお湯の温度がちょうど良い
A313_2,313,中にはぬるいお湯もある
A313_3,313,三種類のお風呂がある
A314_0,314,売店のクキワカメの醤油漬けが美味しい
A314_1,314,朝日の昇る風景が絶賛
A315_0,315,オーシャンビューが素晴らしい温泉宿
A315_1,315,日帰り入浴は¥480で最終受付は14:30まで
A315_2,315,見晴らしの良い休憩所がある
A315_3,315,お湯は少ししょっぱい
A315_4,315,三陸は温泉が少ないので貴重
A315_5,315,薬湯は微温い
A315_6,315,外に無料の足湯があり、海を眺めながら楽しめる
A316_0,316,日の出が見られる宿
A316_1,316,ロビー近くの展望台とお風呂から日の出が見られる
A316_2,316,冬がおすすめ
A316_3,316,空気が澄んでいて日の出時間が遅い
A317_0,317,初めて宿泊したが、以前は日帰り温泉として利用していた
A317_1,317,海沿いの部屋に泊まり、眺めが良かった
A317_2,317,従業員の対応については特に言及しないが、地域やお客様との関係を大切にしてほしい
A317_3,317,大船渡温泉の良さを広めるために、従業員の対応の良さが重要
A318_0,318,料理とロケーションが最高
A318_1,318,スタッフが皆笑顔で素晴らしい
A319_0,319,海側の部屋だったが、雨で景色が残念
A319_1,319,夕食の量が多かった
A319_2,319,夜も朝も海鮮が美味しかった
A320_0,320,入浴のみで利用
A320_1,320,ホームページでは430円と記載されているが、18時以降は夜料金で800円になる
A320_2,320,800円も払って入る風呂ではない
A320_3,320,サウナもなく露天風呂もショボい
A320_4,320,ホームページに改定料金を記載していないのが問題
A321_0,321,ホテルは綺麗
A321_1,321,フロントの対応が悪い
A321_2,321,風呂の眺めが良く癒される
A321_3,321,サウナが無いのが残念
A322_0,322,サービスのタイミングが遅れることがある
A322_1,322,良心的でアットホームな宿
A322_2,322,マグロのかぶと煮は白いご飯にぴったり
A323_0,323,外に無料の足湯があり、大船渡湾が見渡せる
A323_1,323,景色が最高
A324_0,324,初めて利用した
A324_1,324,眺めが素晴らしい
A324_2,324,料理が素晴らしかった
A324_3,324,また来たい
A325_0,325,部屋と温泉は良かった
A325_1,325,食事の量が多すぎる
A325_2,325,昭和の結婚式のようなおかず
A325_3,325,温泉歩きには合わなかった
A326_0,326,数回目の宿泊
A326_1,326,日帰り入浴ができる温泉
A326_2,326,花火大会の時にバスで会場まで送迎してもらった
A327_0,327,最上階の海側の部屋から大船戸湾を一望できる素晴らしい眺望
A327_1,327,部屋やトイレ、洗面所が狭い
A327_2,327,アメニティは豊富だがペーパータオルがない
A327_3,327,内風呂に独特な臭い、エアコンに生乾き臭
A327_4,327,綿の布団でシャワーの水圧が弱い
A327_5,327,料理の量が多く、アワビは美味しいが他の料理は塩味が強い
A327_6,327,大浴場からの景色が素晴らしく、特に朝日を眺めながらの入浴が良い
A328_0,328,スタッフの笑顔が素敵
A328_1,328,床をひざまづいて磨いていた
A328_2,328,朝ご飯が温かく、茎の醤油漬けが美味しい
A329_0,329,温泉よりも景色が素晴らしい
A329_1,329,部屋、屋上、大浴場から絶景が楽しめる
A329_2,329,お湯も良かった
A330_0,330,温泉博士で日帰り温泉を利用
A330_1,330,利用時間は18時までと短くなったが、他に比べて十分
A330_2,330,露天からの眺めが最高
A330_3,330,100円で洗濯ができる
A331_0,331,日帰り入浴で訪れた
A331_1,331,インターから近いのが嬉しい
A331_2,331,お風呂からの景色は左側の岬が邪魔
A331_3,331,アメニティが多めで良い
A332_0,332,食事会場以外では他の宿泊客と会わなかった
A332_1,332,食事内容とサービスが申し分ない
A332_2,332,ホテルからの景色が最高
A333_0,333,日帰りで利用
A333_1,333,この値段でこのお風呂は大満足
A333_2,333,景色が最高
A334_0,334,コロナ感染対策が完璧で安心して過ごせた
A334_1,334,マスク着用、消毒液設置、食事の人数制限とソーシャルディスタンスが徹底されている
A334_2,334,部屋は清掃が行き届いて清潔感がある
A334_3,334,新鮮で美味しい海の幸が豊富
A334_4,334,風呂場や屋上からの景色が良い
A334_5,334,従業員の対応が良かった
A335_0,335,施設は普通の綺麗な温泉ホテル風
A335_1,335,料理が素晴らしく美味しい
A335_2,335,ワカメのしゃぶしゃぶとマグロの兜煮が特に美味しい
A336_0,336,お風呂が一晩中入れるのが嬉しい
A336_1,336,夕食にカジキマグロの頭を三日間煮たものがトロトロで美味しかった
A336_2,336,施設がとてもきれいで新しさを感じる
A337_0,337,日帰り温泉の料金がリーズナブル
A337_1,337,内風呂と露天風呂が楽しめる
A337_2,337,熱さが3種類あり、子ども連れでもゆっくりできる
A337_3,337,シャンプーはリンスインシャンプー
A338_0,338,大船渡で唯一の温泉宿
A338_1,338,部屋から大船渡湾を一望できる
A338_2,338,料理の品数が豊富
A338_3,338,マグロの兜煮が特筆
A339_0,339,魚介類が大好きなので満足
A339_1,339,部屋がきれいで景色が最高
A339_2,339,マグロの兜煮はご飯が進む
A340_0,340,93歳の母と一緒に温泉を楽しんだ
A340_1,340,大船渡温泉に感謝
A340_2,340,潮騒の風と出船入り船の景観が良い
A340_3,340,感じの良いカウンターの出迎え
A340_4,340,掃除の方々に感謝
A340_5,340,友達にお薦めして満足してもらえた
A341_0,341,施設が新しくてきれい
A341_1,341,露天風呂から満点の星空を眺めながら入浴できる
A341_2,341,たまに鹿が遊びに来る
A341_3,341,掃除のスタッフが愛想がよく話しやすい
A342_0,342,日帰り入浴に行った
A342_1,342,景色が良く、綺麗
A342_2,342,今度は宿泊して満喫したい
A343_0,343,出張で利用している
A343_1,343,金額と部屋を考えるとこちらに泊まりたくなる
A343_2,343,海側の部屋だと朝日がきれい
A343_3,343,夜の海も船の灯りや月夜がきれい
A344_0,344,大船渡で日帰り温泉としていつも利用している
A344_1,344,入浴料金が480円とリーズナブル
A344_2,344,オーシャンビューの温泉がお勧め
A345_0,345,復興支援もあり、いち早く開業復活
A345_1,345,建物が綺麗
A345_2,345,夜景の海が一見の価値あり
A346_0,346,眺めとスタッフの応対が素晴らしい
A346_1,346,料理が海鮮でお腹いっぱいになった
A346_2,346,部屋のグラスが汚れていた
A346_3,346,靴で部屋へ行けないのが面倒
A347_0,347,館内の清潔感が最高
A347_1,347,従業員の対応が最高
A347_2,347,館内から見える景色が最高
A347_3,347,また泊まりたい旅館
A348_0,348,綺麗で海が目の前
A348_1,348,部屋が山沿いで狭いのが残念
A348_2,348,お風呂は熱い風呂とぬるい風呂があり、色が違って不思議
A348_3,348,お風呂が少ししょっぱい
A348_4,348,サウナがないのが残念
A349_0,349,館内が綺麗
A349_1,349,ホテルの方が優しい
A349_2,349,温泉は普通
A350_0,350,お風呂は絶景
A350_1,350,値段も安い
A350_2,350,おすすめ
A351_0,351,料理が美味しく、兜煮込みは迫力満点
A351_1,351,大浴場からの海の眺めがきれい
A352_0,352,値段の割に料理の量と味が良い
A352_1,352,温泉も良かった
A352_2,352,部屋はこじんまりとしているが清潔
A352_3,352,今回は大満足
A353_0,353,日帰り温泉が最高
A354_0,354,電話の問い合わせで冷たい印象を受けた
A354_1,354,出産とコロナで旅行を我慢していたが、この対応で泊まりたいと思えなくなった
A354_2,354,残念
A355_0,355,スタッフの応対が素晴らしい
A355_1,355,寝具の具合が合わず不満を訴える人がいた
A355_2,355,私はぐっすり眠れた
A356_0,356,とても綺麗な温泉ホテル
A356_1,356,露天風呂の目の前に海が広がっている
A356_2,356,夜は小女子漁の灯りがキラキラしている
A357_0,357,漁師飯のボリュームが凄い
A357_1,357,海鮮物が好きな人には最高
A357_2,357,ロケーションが素晴らしい
A357_3,357,朝食もボリュームたっぷり
A358_0,358,普段は日帰りで利用している
A358_1,358,湾を見渡せる露天風呂がある
A358_2,358,フロントでフェイスタオルをもらえる
A358_3,358,宿泊すれば朝風呂に入れる
A359_0,359,目の前の海からの日の出は正月辺りのみ
A359_1,359,ほとんどは山からの日の出
A359_2,359,温泉はやや塩泉
A359_3,359,カジキのかまの煮付けは絶品
A360_0,360,ゆったりのんびりするのにおすすめ
A360_1,360,露天風呂から養殖棚の風景と太平洋からの日の出が見える
A360_2,360,スタッフが親切丁寧な対応
A361_0,361,日帰り湯を利用
A361_1,361,受付の方々が親切
A362_0,362,絶景の宿、漁師の宿
A362_1,362,展望ルームから眺める日の出が素晴らしい
A362_2,362,12月～1月が最高
A362_3,362,感染対策がしっかりしている
A363_0,363,温泉の眺望がとても素敵
A363_1,363,入浴料がお手ごろ
A363_2,363,地元に帰ったときにまた行きたい
A364_0,364,すばらしい景色とごはん
A364_1,364,ごはんの量が多いが、めちゃくちゃ美味しい
A365_0,365,窓からの景色が評判通り
A365_1,365,風呂温泉は源泉かけ流しではなさそう
A365_2,365,夕食は海の物ばかり
A366_0,366,フロントの方の親切な案内でほっこり
A366_1,366,お風呂で疲れた体を癒せた
A366_2,366,館内がきれい
A366_3,366,朝食バイキングがおいしかった
A367_0,367,部屋と露天風呂からリアス海岸の景色を満喫
A367_1,367,浴場外の休憩場が広く、子どもが楽しそうに遊んでいた
A367_2,367,スタッフが子どもに優しく接してくれた
A367_3,367,家族連れが多い理由が分かった
A367_4,367,また来たいと思っている
A368_0,368,受付や食事の配膳の方が親切で元気
A368_1,368,マグロのカマが絶品
A368_2,368,温泉が気持ち良い
A369_0,369,風呂からの景色が良い
A369_1,369,ぬる湯の浴槽があり、長くつかれる
A370_0,370,屋上からの星空が綺麗
A370_1,370,天気の良い日は屋上に登るのがおすすめ
A371_0,371,カジキマグロの頭の煮付けが絶品
A371_1,371,屋上が解放されていて、日の出が見られると素晴らしい景色
A371_2,371,残念ながら曇りだった
A372_0,372,今回で3回目の訪問
A372_1,372,美味しい海の幸の料理をお腹いっぱい食べられる
A372_2,372,海を見ながら露天風呂に入れる
A372_3,372,朝は海から昇る朝日が見られる
A373_0,373,部屋が綺麗
A373_1,373,お風呂が最高
A373_2,373,素泊まりだったので食事は不明
A373_3,373,いい宿だと思う
A374_0,374,とてもきれいで広い
A374_1,374,お風呂が清潔に保たれている
A374_2,374,湯圧があり洗い場でストレスがない
A374_3,374,オーシャンビューで気持ちいい
A375_0,375,どの季節、どの天候でも絶景の温泉が最高
A375_1,375,宿泊しなくとも温泉だけでも入れる
A375_2,375,休日にのんびり過ごしたい方にオススメ
A376_0,376,オーシャンビューの部屋から冬至の頃に水平線からのサンライズが望める
A376_1,376,お風呂付きの部屋で朝日を浴びながら入浴できる
A377_0,377,温泉と景色を楽しめた
A377_1,377,内湯に温めのお湯があって良かった
A377_2,377,日帰り入浴の時間が3時までと短かったのが残念
A378_0,378,魚料理が美味しくて豪華
A378_1,378,お腹いっぱいになる
A378_2,378,海から昇る朝日を見ながらの露天風呂は最高
A379_0,379,清潔でキレイな館内
A379_1,379,温泉は身体が温まる
A379_2,379,海の景色を眺めながら入浴でき、心が落ち着く
A380_0,380,ゆっくり温泉を楽しめる
A381_0,381,BRTの駅から近く、町に出るのに便利
A381_1,381,高台からの景観が素晴らしい
A381_2,381,朝ご飯は海草ばかりでいまひとつ
A382_0,382,料理は美味しく、食べきれないほどの豪華な量
A382_1,382,ロケーションが抜群で最高
A382_2,382,交通アクセスは車以外だと厳しい
A383_0,383,大人一人430円で安い
A383_1,383,浴室が綺麗
A383_2,383,露天風呂から海が一望できて最高
A384_0,384,食事が美味しかった
A384_1,384,温泉が気持ち良く、一晩中入れるのが良い
A384_2,384,部屋は少し狭かった
A385_0,385,客室からの眺望が素晴らしい
A385_1,385,のんびりと何も考えずに過ごせる
A386_0,386,3種の風呂と広い洗い場がある
A386_1,386,安い料金で日帰り入浴を利用している
A386_2,386,マッサージチェアがあれば文句なし
A387_0,387,親戚の宿泊に利用
A387_1,387,兜煮は圧巻で、宿泊する方はぜひご賞味ください
A388_0,388,温泉施設横に足湯があり、海を一望できる
A388_1,388,足湯で心も身体もリフレッシュできて気持ちが良い
A389_0,389,老人クラブの小旅行で訪れた
A389_1,389,ご馳走が食べきれないほど出て満腹
A389_2,389,料理が美味しかった
A390_0,390,眺めが最高
A390_1,390,朝は露天からの朝日が良い
A390_2,390,屋上から朝日を見ることもできる
A390_3,390,海を眺めながらの足湯が良い
A391_0,391,日帰り入浴が可能
A391_1,391,入浴時間は10:00-22:00
A391_2,391,入浴料は390円
A391_3,391,無料の小型ロッカーがある
A391_4,391,シャンプーとボディーソープがある
A391_5,391,内風呂が2つ、露天風呂が1つ
A391_6,391,景色が良く、風呂にみかんが浮かべられて面白い
A392_0,392,お刺身がたっぷりで美味しかった
A393_0,393,夕食と朝食がとても美味しい
A393_1,393,また泊まりたい
A393_2,393,大船渡に来た際は泊まる価値あり
A394_0,394,スタッフ、料理、オーシャンビューの景色、温泉が全て良い
A394_1,394,料理にはマグロのカマなど珍しいものもあった
A394_2,394,また行きたいと思った
A395_0,395,日帰り訪問は二度目
A395_1,395,絶景温泉一位は伊達じゃない
A395_2,395,ぬるめの風呂が最高
A396_0,396,料理が残るくらいの量が出てくる
A396_1,396,大船渡湾内の眺めと日の出の風情が素晴らしい
A396_2,396,施設に満足
A396_3,396,フロント従業員の対応が素晴らしい
A397_0,397,ビーチの美しい快適な場所
A398_0,398,接客、料理、客室、浴場全て完璧な旅館
A398_1,398,部屋によって料金設定が異なるので問い合わせした方が良い
A399_0,399,食事が最高
A399_1,399,新鮮な海のものをたくさん頂いた
A400_0,400,スタッフが完璧で感謝の気持ちが伝わった
A400_1,400,ロビー環境が素晴らしい
A400_2,400,料理が素晴らしい
A400_3,400,スタッフの職場環境に対する姿勢が素晴らしい
A401_0,401,海を眺めながら温泉を満喫できる
A401_1,401,入浴料450円は激安
A402_0,402,和室が時代とマッチしていないと感じる
A403_0,403,夕食時に子供の食事で予約時との認識の齟齬があったが、適切に対応してくれた
A403_1,403,子供も大満足
A404_0,404,ボリューミーで美味しい海鮮料理を部屋食で堪能できる
A404_1,404,配膳の男性がとても感じが良かった
A405_0,405,景色が良くて温泉が気持ち良い
A405_1,405,レストランが無いのでお昼時は注意
A406_0,406,お得プランで部屋は狭かった
A406_1,406,料理は大満足
A406_2,406,揚げたて、焼きたてでとても美味しかった
A407_0,407,部屋やお風呂からのオーシャンフロントの景色が素晴らしい
A407_1,407,海の幸が豊富で刺身のしゃぶしゃぶが最高
A408_0,408,目の前が海
A408_1,408,海沿いの露天風呂が最高
A408_2,408,夕食は海鮮三昧で食べきれない
A409_0,409,湾を見下ろす高台に立地
A409_1,409,綺麗な駅前のホテルに天然温泉施設がプラスされた感じ
A409_2,409,入り易い良いホテル
A410_0,410,ソフトクリームが美味しい
A410_1,410,景色が最高
A410_2,410,施設が綺麗
A410_3,410,日帰り温泉が430円
A410_4,410,日帰りで入れる時間が短い
A411_0,411,毎年、雲丹の季節に家族と利用している
A411_1,411,マグロの兜煮がとても美味しい
A412_0,412,絶景
A412_1,412,新鮮な魚介料理が最高
A413_0,413,施設は築浅できれい
A413_1,413,食事のボリュームが多い
A413_2,413,サービスも満足
A414_0,414,大船渡湾を一望できる温泉
A414_1,414,月明かりに照らされた湾が神秘的
A414_2,414,日帰り利用だったが、次は泊まりで来たい
A415_0,415,料理が豪華で何度も泊まりたい
A415_1,415,露天風呂から見える海が綺麗
A416_0,416,料理が最高
A416_1,416,宿が大震災以来建て直されてとても綺麗
A416_2,416,従業員がとても丁寧
A416_3,416,また行きたい
A417_0,417,3度目の日帰り温泉利用
A417_1,417,露天風呂からの海の眺めが最高
A418_0,418,レストランでの夕食時に隣の宴会が非常にうるさかった
A418_1,418,朝日とお風呂は良かった
A419_0,419,夕食の量が多くて食べきれなかった
A419_1,419,海鮮料理が美味しい
A420_0,420,夕食の量が多い
A420_1,420,メカジキの兜煮が美味しくておかわりした
A421_0,421,時期によっては高コスパと感動を期待できる
A421_1,421,兜煮が驚くほど美味しい
A421_2,421,オモテナシの基本が満足レベル
A422_0,422,仕事終わりに立ち寄り湯を利用
A422_1,422,駐車場が広い
A422_2,422,湯船と露天風呂からの眺めが良い
A422_3,422,良い湯
A423_0,423,24時間足湯が利用できる
A423_1,423,眺めが最高
A423_2,423,朝食が大変美味しい
A424_0,424,海向きの露天風呂が非常によい
A424_1,424,最寄り駅までの送迎があり大変楽
A425_0,425,大船渡で泊まるなら最高の場所
A425_1,425,食事、宿泊、温泉、景色がすべて良い
A425_2,425,リーズナブルな宿
A426_0,426,日帰り温泉で利用
A426_1,426,露天風呂の景色が良い
A426_2,426,館内が綺麗で広々している
A427_0,427,夕日と朝日を露天風呂から一望できる
A427_1,427,天気に恵まれそうならオススメ
A428_0,428,すっきりしたホテルの印象
A428_1,428,三日間煮込んだカジキマグロの兜煮が骨まで食べられて美味しかった
A429_0,429,清掃が行き届いている
A429_1,429,お風呂の温度が適温
A429_2,429,無料のコーヒーマシーンがある
A429_3,429,満足できた
A430_0,430,景色と料理を楽しむ宿
A430_1,430,季節ごとに訪れたい
A431_0,431,料金が良心的
A431_1,431,スタッフ対応がとても良い
A431_2,431,館内が広々している
A431_3,431,展望スペースでまったりできる
A432_0,432,震災復興のため市民や工事関係者も利用できる温泉
A432_1,432,きれいで料金が安い
A432_2,432,広々としてオーシャンビュー
A432_3,432,また行きたい
A433_0,433,宴会で利用した
A433_1,433,料理はどれも美味しかった
A433_2,433,接客が丁寧で良かった
A433_3,433,生ビールがサーバーで置いてあるのに驚いた
A434_0,434,当日でも部屋の問い合わせに快く対応してくれた
A434_1,434,次回は予約してから伺う
A435_0,435,海の景色が素晴らしい
A435_1,435,朝も夕方も最高
A436_0,436,日帰り入浴がある
A436_1,436,大浴場からの眺めが最高
A437_0,437,眺めがすごく良い
A437_1,437,露天と内風呂がある
A437_2,437,内風呂の一つが柚子風呂で良かった
A438_0,438,コロナ以降、消毒液の匂いが強く、温泉の意味がない
A438_1,438,もう行かない
A439_0,439,いい所
A440_0,440,景色が絶景
A440_1,440,温泉がとても良かった
A441_0,441,景色がとても良いホテル
A441_1,441,料理が最高で、海の幸の量が多い
A442_0,442,お風呂からの景色が良い
A442_1,442,足湯が新しくできていた
A443_0,443,部屋は広くないが、必要なものが揃っていて過ごしやすい
A444_0,444,日帰り入浴でも展望が良い
A444_1,444,温泉から上がってからもゆったり景色を楽しめる
A445_0,445,日帰り入浴を利用
A445_1,445,眺めが良く、良い湯
A446_0,446,サウナがあると良い
A446_1,446,脱衣場がもう少し広く、ロッカーが大きいと便利
A447_0,447,飲み会で利用した
A447_1,447,兜煮はコラーゲンたっぷりで激ウマ
A448_0,448,部屋からの絶景
A448_1,448,日の出の美しさ
A448_2,448,海鮮のみの夕食
A448_3,448,施設の新しさ
A448_4,448,この値段で文句のつけようがない
A449_0,449,夕飯がとても豪華で新鮮
A449_1,449,料理が美味しい
A450_0,450,利用料がとても安い
A450_1,450,料理が美味しい
A450_2,450,朝日がとてもきれい
A450_3,450,温泉が気持ちいい
A451_0,451,良かった
A451_1,451,スリッパが脱げやすいのが残念
A451_2,451,半身が不自由で杖をついて歩いている
A452_0,452,温泉は良かった
A452_1,452,大船渡御膳がダメ
A452_2,452,刺身がかさかさ
A452_3,452,サンマのみりん干しが生臭かった
A453_0,453,料理がとても良い
A453_1,453,マグロの兜煮が特に美味しい
A453_2,453,飲み放題の生ビールも美味しい
A454_0,454,海を見ながら温泉を楽しめる
A454_1,454,施設がきれいで気持ちよい時間を過ごせる
A454_2,454,入浴料金が安いのがうれしい
A455_0,455,海沿いの高台にあり、海を眺めながら露天風呂に入れる
A455_1,455,ホテル入口から直線で浴場に行けて楽
A456_0,456,料理のボリュームが凄い
A456_1,456,魚好きには大満足な宿
A457_0,457,眺めが良い
A457_1,457,館内とスタッフの対応は普通
A457_2,457,贅沢気分を味わうには物足りない
A458_0,458,お刺身など生物のボリュームが満点でお得感がある
A459_0,459,眺めが抜群と聞いていたが、日帰り入浴時間外で利用できなかった
A460_0,460,海が見える露天風呂が印象的
A460_1,460,美しいフロントが印象的
A460_2,460,車であれば近くにかもめテラスがある
A461_0,461,壁が薄く、隣の部屋の音が聞こえる
A462_0,462,景色と料理が文句なし
A462_1,462,屋上から見た朝日は一生の思い出
A463_0,463,全て合格でまた行きたい
A463_1,463,お風呂場の脱衣スペースに大きなホコリが多数あったので、しっかり掃除してほしい
A464_0,464,施設がとてもきれいで眺めが良い
A464_1,464,マグロの頭のとろとろ煮が名物
A464_2,464,温泉からの眺めが最高
A465_0,465,温泉から見る太平洋の日の出が最高
A465_1,465,温泉も料理も満足できた
A466_0,466,高台にある眺めの良い温泉
A466_1,466,湯上がりに頂いたソフトクリームが美味しかった
A467_0,467,コロナ禍でサービスの低下はしょうがない
A467_1,467,食事はとても美味しかった
A468_0,468,日帰りで訪れた
A468_1,468,眺めが良い
A468_2,468,次回は泊まりで行きたい
A469_0,469,料理は味もボリュームも最高
A469_1,469,部屋が綺麗
A469_2,469,スタッフの対応が良かった
A470_0,470,長期滞在に適している
A470_1,470,掃除が行き届いていてとても清潔
A470_2,470,設備が充実している
A471_0,471,日帰り入浴を利用
A471_1,471,情緒はないが、安くてきれいな温泉
A472_0,472,温泉旅館に露天風呂がある
A473_0,473,夕飯が最高
A473_1,473,もてなしたいという気持ちが伝わってくる
A474_0,474,温まり度は青森の食塩泉並みで汗が止まらない
A474_1,474,クタクタになり、夏は危険かも
A475_0,475,ぬるめの湯船がある
A475_1,475,露天風呂の眺めが良く、潮風が気持ち良い
A476_0,476,ロケーション、食事、温泉が素晴らしい
A476_1,476,喫煙部屋は臭いがきついので禁煙の部屋を選ぶべき
A477_0,477,ホテルの立地が最高
A477_1,477,震災の後にできたホテル
A477_2,477,温泉が最高
A478_0,478,露天風呂からの景色が良い
A478_1,478,海が見える宿として最高
A479_0,479,ロビーが広く、目の前が海で見晴らしが良い
A479_1,479,明日はランチを食べに行く予定
A480_0,480,朝陽が最高
A480_1,480,食事が良かった
A480_2,480,お風呂が混雑時に日帰り入浴の方が洗い場を占有していた
A480_3,480,シャワーの水圧が非常に低いのが残念
A481_0,481,漁師飯が美味しく、お腹いっぱいになった
A482_0,482,大船渡湾が一望できる宿
A482_1,482,魚好きには最高
A482_2,482,清潔で快適
A482_3,482,再訪したい
A483_0,483,内風呂は普通
A483_1,483,露天風呂は狭いが絶景
A484_0,484,予想以上の料理で良かった
A484_1,484,マグロ兜煮は骨まで柔らかく食べられた
A485_0,485,ホテルから眺める大船渡湾は絶景
A485_1,485,海鮮料理がとても美味しい
A485_2,485,料金はリーズナブル
A486_0,486,静かな場所でよかった
A486_1,486,食事が本当においしかった
A487_0,487,コロナ対策がしっかりしている
A487_1,487,食事が最高
A488_0,488,細かいところまで頑張っている印象
A488_1,488,料理が本当に最高
A489_0,489,日帰り入浴で利用
A489_1,489,浴室から見える三陸の海は絶景
A490_0,490,津波の後、綺麗に生まれ変わった
A490_1,490,湾に浮かぶ筏や漁船の出入りが見える
A490_2,490,朝日が綺麗
A491_0,491,料理のレベルが低い
A491_1,491,大手ホテルチェーン店レベル
A492_0,492,朝食のバイキングが良かった
A492_1,492,静かで海に面しており、部屋からの眺めが良かった
A493_0,493,料理が良かった
A493_1,493,朝日は雲で見えなかったが、絶景
A494_0,494,料理、サービス、部屋など何もかもが最高
A494_1,494,また行きたい場所
A495_0,495,景色が最高
A495_1,495,屋内にぬるい浴槽があり、景色を楽しみながら長時間温泉を楽しめる
A496_0,496,空間がきれい
A496_1,496,朝食が美味しい
A496_2,496,スタッフの対応が良い
A496_3,496,大満足
A497_0,497,温泉が良い
A497_1,497,絶景が良い
A497_2,497,豪華な漁師飯が良い
A497_3,497,季節毎に行きたい
A498_0,498,とても温まるいいお湯
A498_1,498,ゆったりくつろげる場所があるといい
A499_0,499,露天風呂からの眺めが良い
A499_1,499,夕食の量が多く、ウニなどがついていて超おすすめ
A500_0,500,部屋からの眺めが良かった
A500_1,500,温泉が気持ち良かった
A501_0,501,ロビーと露天風呂から大船渡湾が一望できる
A501_1,501,支配人の接客に好感が持てた
A502_0,502,ビジネスで利用
A502_1,502,ランドリーがある
A502_2,502,下手なビジネスホテルよりも良い
A503_0,503,海を見ながら入浴できる
A503_1,503,風呂上がりのロビーでパノラマオーシャンビューが楽しめる
A504_0,504,食事が美味しい
A504_1,504,眺めが素晴らしい
A504_2,504,温泉がある
A504_3,504,マイナスの要素が全くない
A505_0,505,天気には恵まれなかったが、美味しい食事と温泉で大満足
A506_0,506,海がきれいに見えるので日中の利用をおすすめ
A506_1,506,露天風呂もある
A507_0,507,料理が3300円
A507_1,507,ロビーとお風呂からの眺めが絶景
A508_0,508,日帰り入浴が可能
A508_1,508,料金が安い
A508_2,508,景色が最高
A509_0,509,温泉総選挙で絶景部門第二位
A510_0,510,絶景を体感できるお風呂がある
A510_1,510,ぜひ行ってみてほしい
A511_0,511,宿泊代が安い
A511_1,511,料理が最高
A511_2,511,お風呂からの景色が絶景
A511_3,511,部屋は狭い
A512_0,512,食べきれないほどの海の幸を味わえる
A512_1,512,一人でもたくさんのご馳走が楽しめる
A513_0,513,ホテルからの眺望が素晴らしい
A514_0,514,景観もお風呂も気持ち良かった
A515_0,515,温泉が良い
A515_1,515,食事のボリュームがあり過ぎて嬉しい
A516_0,516,朝日がきれい
A516_1,516,夕飯が美味しく、ボリューム満点
A517_0,517,大船渡湾口を展望できるお風呂付きの最上階の部屋が最高
A518_0,518,いつも気持ち良く利用している
A518_1,518,露天風呂が少しぬるかった
A519_0,519,海沿いにあるので露天風呂が気持ちいい
A519_1,519,夕暮れ時がオススメ
A520_0,520,露天風呂は汚くておすすめできない
A520_1,520,内風呂はまあまあ
A521_0,521,浴場と脱衣場は使いやすい
A521_1,521,原泉が冷泉で沸かし湯になる
A522_0,522,朝日が綺麗
A522_1,522,サウナが欲しい
A523_0,523,温泉、コスト、スタッフ、料理が良かった
A523_1,523,また行きたい
A524_0,524,雨で日の出は見られなかったが、雨の幻想的な雰囲気が良かった
A525_0,525,部屋からの眺めが良い
A525_1,525,お風呂は一晩中入浴できる
A526_0,526,ホテルからの景色が良い
A526_1,526,スッキリ起きることができた
A527_0,527,ぬるま湯風呂があり、熱いお湯が苦手な人でも入れる
A528_0,528,食事が美味しい
A528_1,528,かぶと煮は油濃く、他の料理の味を消してしまう
A528_2,528,買い物したワカメはとても美味しい
A529_0,529,食事が最高
A529_1,529,眺めが良かった
A529_2,529,部屋が狭かった
A530_0,530,景観の良い温泉
A530_1,530,入浴のみなら430円でリーズナブル
A531_0,531,日帰り入浴で浴室から海の眺めが最高
A532_0,532,部屋が良かった
A532_1,532,スタッフが良かった
A532_2,532,また泊まりたいと思った
A533_0,533,館内は清潔感がある
A533_1,533,料理が良かった
A534_0,534,眺めがすごくいい
A534_1,534,値段が高くないのでまた行きたい
A535_0,535,料理の量が多く、満足
A536_0,536,夕食の海鮮が美味しい
A536_1,536,部屋から海が見れて最高
A537_0,537,露天風呂で美しい海の風景が見える
A537_1,537,ソフトクリームが美味しい
A538_0,538,露天風呂からリアス式海岸と太平洋の景色が見える
A539_0,539,スタッフ、お風呂、食事、お部屋に大満足
A539_1,539,ぜひまた来たい
A540_0,540,サービスがとても良かった
A540_1,540,場所が良かった
A541_0,541,奇麗なホテルで素敵な眺め
A541_1,541,太平洋に立ち向かう姿のホテル
A541_2,541,ホテルマンは優しく親切
A542_0,542,食事がとてもよかった
A542_1,542,風呂がとてもよかった
A542_2,542,翌朝の日の出の眺めがとてもよかった
A543_0,543,温泉と景色が最高
A543_1,543,料理が美味しい
A544_0,544,海鮮のコスパがとても良い
A544_1,544,鮑の踊り食いが楽しめる
A545_0,545,海を望む景色が素晴らしい
A545_1,545,ご来光も見られる
A546_0,546,まったりできた
A546_1,546,三回目で日の出が見れた
A547_0,547,秋晴れの日には露天風呂からの海の輝きが最高
A548_0,548,毎年来ている
A548_1,548,料理も景色も最高
A549_0,549,場所が少しわかりづらい
A549_1,549,日帰り入浴は夜8時まで
A550_0,550,素敵な景観の温泉
A550_1,550,日帰り入浴も人気
A551_0,551,眺めが最高
A551_1,551,料理が海鮮尽くしで満足
A552_0,552,当日予約でもオーシャンビューの部屋を利用できた
A552_1,552,2階でも眺めが良い
A553_0,553,ロビーからの海の眺めは文句なし
A553_1,553,浴場からも同様の眺め
A554_0,554,眺めが素晴らしい
A554_1,554,ホテルの対応に満足
A555_0,555,景色が最高
A555_1,555,食事が最高
A555_2,555,鮪のかまが驚くほど美味しい
A556_0,556,ワカメがたくさん食べられた
A556_1,556,金庫と非常用懐中電灯が無かった
A557_0,557,食事のボリュームがすごい
A557_1,557,食べ切れなかった
A558_0,558,大浴場は少し熱め
A558_1,558,露天風呂の景色が最高
A559_0,559,お魚が美味しい
A559_1,559,お魚たっぷりの料理でお腹いっぱい
A560_0,560,サービスと料理に言うことなし
A561_0,561,眺めが良く、とても良い温泉
A562_0,562,温泉からの眺めが最高
A563_0,563,部屋からの展望が最高
A563_1,563,温泉からの展望が最高
A564_0,564,絶景スポット
A564_1,564,大人480円はお得
A565_0,565,日帰り温泉で利用
A565_1,565,景色が良い
A566_0,566,鉱泉で加温して掛け流し
A567_0,567,駐車場に足湯があり、最高だった
A568_0,568,海を観ながらの露天風呂が素敵
A569_0,569,料理が美味しい
A569_1,569,お酒が安いのが嬉しい
A570_0,570,リーズナブルで景色がとても良い温泉
A571_0,571,海の間近のホテル
A571_1,571,殻つき雲丹がめっちゃ旨かった
A572_0,572,お風呂がきれいで気持ち良かった
A573_0,573,料理が良かった
A573_1,573,露天風呂からの眺めが最高
A574_0,574,食事が美味しい
A574_1,574,眺めが素敵
A575_0,575,露天風呂からの景色が抜群に良い
A576_0,576,眺めがとても良い
A576_1,576,館内がとても綺麗
A577_0,577,雄大な海の景色を見ながら足湯を楽しめる
A578_0,578,素晴らしい眺めに感動
A578_1,578,沢山のお料理に感動
A579_0,579,露天風呂からの一面海のロケーションが最高
A580_0,580,海が丸見えのお風呂が癒される
A580_1,580,また行きたいと思う
A581_0,581,建物が新しい
A581_1,581,震災復興後から頑張っている宿
A582_0,582,海を見ながらの温泉が最高
A583_0,583,露天風呂から眺める大船渡湾が最高
A584_0,584,お風呂から見える太平洋が素晴らしい
A585_0,585,浴室からの展望が良い
A585_1,585,値打ちな温泉
A586_0,586,絶景露天風呂が最高
A587_0,587,料理がとても美味しかった
A587_1,587,三陸の醍醐味を感じることができた
A588_0,588,露天風呂が狭いが景色が良い
A589_0,589,露天風呂からの景色が最高
A590_0,590,お風呂から日の出が拝めるのが最高
A591_0,591,食べ切れないほどの海の幸
A591_1,591,全てにおいて最高
A592_0,592,まぐろ兜煮が食べ放題で美味しい
A593_0,593,料理は噂どおり素晴らしい
A594_0,594,温泉なのか宿泊できるスーパー銭湯なのか疑問
A595_0,595,夕食のさざ波コースでアワビが焼きと刺し身で丸2つ食べられる
A596_0,596,晴天で海が一望できた
A596_1,596,気持ちいいお湯だった
A597_0,597,料理が良く、量も多い
A597_1,597,部屋の壁が薄い
A598_0,598,夕食に期待している
A599_0,599,足湯が無料
A599_1,599,景色が抜群
A600_0,600,歩いて行ける範囲にお店がない
A601_0,601,食べきれないほどの食事と絶景が最高
A602_0,602,1人部屋だとオーシャンビューが見られない
A603_0,603,新しいので清潔感がある
A603_1,603,景色がとても良い
A604_0,604,お風呂が良い
A604_1,604,ご飯が美味しい
A604_2,604,朝から刺身がある
A605_0,605,花火大会があるらしい
A605_1,605,また宿泊したい
A606_0,606,受付に言えば無料でタオルがもらえる
A606_1,606,仕事帰りに寄れる
A607_0,607,お風呂からのオーシャンビューが最高
A608_0,608,食べ物の量が非常に多かった
A609_0,609,海を眺めながらの温泉は格別
A610_0,610,部屋からの眺望がおすすめ
A610_1,610,食事がおすすめ
A611_0,611,宴会で鮪の頭の煮付けの出し忘れがあった
A612_0,612,夕食は海鮮尽くめで食べきれないほど
A613_0,613,料理が美味しかった
A613_1,613,量が多くて食べきれなかった
A614_0,614,朝日が昇る湾口がとても綺麗
A615_0,615,食事、サービス、ロケーションが文句なし
A616_0,616,静かでのんびりできる温泉
A617_0,617,全ての料理が最高
A617_1,617,また来たい
A618_0,618,手頃な金額で温泉付きで泊まれる
A619_0,619,太平洋が望める大浴場が大変良かった
A620_0,620,お食事がとても美味しい
A621_0,621,料理、部屋、接客が良い
A622_0,622,露天風呂が最高
A623_0,623,新しい施設
A623_1,623,オーシャンビューが良い
A624_0,624,接客が素晴らしい
A624_1,624,チェックアウトでの見送りが素晴らしい
A625_0,625,ロケーションが最高
A625_1,625,漁師料理が最高
A626_0,626,食べ物が美味しい
A626_1,626,景色が抜群
A627_0,627,夜のお風呂は利用できない
A628_0,628,露天風呂からのオーシャンビューが最高
A629_0,629,綺麗で広いのでゆったりできた
A630_0,630,美味しい料理
A630_1,630,浜風が心地よい
A631_0,631,コスパが良い
A631_1,631,お湯が良い
A632_0,632,海を望む露天風呂が素晴らしい
A633_0,633,無料の足湯がある
A634_0,634,料理が美味しい
A634_1,634,部屋が少し狭い
A635_0,635,アクセスが悪い
A635_1,635,料理が美味しい
A636_0,636,ロケーションが良く、くつろげる施設
A637_0,637,天然温泉とオーシャンビューが良い
A638_0,638,スタッフの対応が全て良かった
A639_0,639,見晴らしが良い
A639_1,639,サービスが十分
A639_2,639,また行きたい
A640_0,640,眺めもお風呂も最高
A641_0,641,年寄りがごろんとなれる無料の部屋があると良い
A642_0,642,海の幸の素材が新鮮
A643_0,643,朝日を望める大浴場が素晴らしい
A644_0,644,露天風呂の景色が最高
A645_0,645,オーナーが漁師なので料理が最高
A646_0,646,綺麗で朝風呂に最適
A646_1,646,復興を応援している
A647_0,647,露天風呂にホタルがやってきた
A648_0,648,霧が出てくると気温が下がる
A649_0,649,絶景でとても癒やされた
A650_0,650,清潔で気持ち良い
A650_1,650,料理が美味しい
A651_0,651,料理が美味しかった
A651_1,651,また行きたい
A652_0,652,露天風呂からの眺めが最高
A653_0,653,料理がとても美味しかった
A654_0,654,食事、部屋、料金が最高
A655_0,655,食事はいまいち
A656_0,656,夕飯がとても美味しかった
A657_0,657,ロビーからの太平洋の眺めが最高
A658_0,658,大浴場がかなり良かった
A659_0,659,オーシャンビューの露天風呂が最高
A660_0,660,フロントのお兄さんの対応がとても良かった
A661_0,661,入り口が狭い
A661_1,661,大型バスは大丈夫か心配
A662_0,662,海の幸の食事が最高
A662_1,662,オーシャンビューのロケーションが最高
A663_0,663,海の見える湯船でくつろげた
A664_0,664,風呂以外は最高
A665_0,665,食事とお風呂が最高
A666_0,666,大手術の末無事生還を果たした友と一宿一飯
A667_0,667,ドーミーインより良くて驚いた
A668_0,668,また利用したい
A669_0,669,マグロのかぶと煮が絶品
A670_0,670,日帰り入浴客は20時まで利用可能
A671_0,671,温泉が良い
A671_1,671,料理が良い
A671_2,671,眺望が良い
A672_0,672,景色が良かった
A672_1,672,料理が良かった
A673_0,673,食べ物が美味しい
A673_1,673,コスパが良い
A674_0,674,朝食抜きの対応に残念
A675_0,675,食べ物が良い
A675_1,675,温泉がリーズナブル
A676_0,676,言うことなし
A677_0,677,料理がすごくいい
A678_0,678,また行きたくなった
A679_0,679,露天風呂からの眺めが最高
A680_0,680,復興で何年も過ごした日々
A681_0,681,料理がかなりのボリューム
A682_0,682,足湯がある
A683_0,683,景色が最高
A683_1,683,コスパが最高
A684_0,684,マグロのカブト煮が最高
A685_0,685,気持ち良く過ごせた
A686_0,686,ブリカマがすごく美味しかった
A687_0,687,とても良くゆっくりと過ごせる
A688_0,688,毎年訪れている
A689_0,689,露天風呂からのロケーションが良い
A690_0,690,お手入れが行き届いている
A690_1,690,入って暖かい
A691_0,691,食事が良い
A691_1,691,風呂が良い
A691_2,691,対応が良い
A692_0,692,宿泊しないという選択肢はない
A693_0,693,ゆっくりできた
A694_0,694,ぬるま湯でゆっくりできる
A695_0,695,料理が最高
A695_1,695,景色も最高
A696_0,696,眺めが良い
A697_0,697,たなごが焼きすぎだった
A698_0,698,お湯がぬるめで、長く入るのに良い
A699_0,699,露天風呂の眺めが最高
A700_0,700,露天風呂からの海の眺めが良い
A701_0,701,海からの眺めが良かった
A702_0,702,きれいで広く、気持ちいい
A703_0,703,温泉がほっこりする
A704_0,704,部屋からの景観が素晴らしい
A705_0,705,大きな雛飾りがある
A706_0,706,施設がきれい
A707_0,707,オーシャンビュー
A707_1,707,温泉がある
A707_2,707,青く輝く海が見える
A708_0,708,絶景の露天風呂がある
A709_0,709,絶景温泉がある
A710_0,710,郷土料理が美味しい
A711_0,711,温泉が気持ちよかった
A712_0,712,眺めが素晴らしい
A713_0,713,名物のマグロのかぶと煮
A714_0,714,海が見えるロケーションが良い
A715_0,715,屋上に出られて夜景が楽しめる
A716_0,716,露天風呂が小さい
A717_0,717,まあまあ
A718_0,718,オーシャンビューが文句無し
A719_0,719,眺めと海鮮が最高
A720_0,720,ビューが良い
A720_1,720,親切なサービス
A720_2,720,海の幸が豊富
A720_3,720,温泉がある
A721_0,721,景色が最高
A722_0,722,料理の量が多すぎた
A723_0,723,景色がいい
A724_0,724,温泉が良い
A725_0,725,食事が良い
A725_1,725,景色が良い
A726_0,726,海がきれいに見える
A727_0,727,景色が良い
A728_0,728,きれい
A729_0,729,良い温泉
A730_0,730,お食事が最高
A731_0,731,朝日がきれい
A732_0,732,料理が美味しい
A733_0,733,オーシャンビューが魅力
A734_0,734,最高
A735_0,735,スーパー銭湯
A736_0,736,食事が最高
A737_0,737,特に無し
A738_0,738,素晴らしい景色
A739_0,739,値段相応
A740_0,740,眺めが良い
A741_0,741,よかった
A742_0,742,眺めが良い
A743_0,743,また伺います
A745_0,745,景色が最高
A746_0,746,食事が最高
A747_0,747,足湯があるがぬるかった
A748_0,748,絶景
A749_0,749,コスパが良い
A750_0,750,ホテルのおもてなしが格別で、充実した時間を過ごせた
A750_1,750,温泉から雄大な景色を眺めながらリラックスできる
A750_2,750,復興しつつある地域で感動する人々に会った
A750_3,750,ショーやアクティビティが定期的に開催される
A750_4,750,美味しくてボリュームのある食事が提供され、地元のオリジナル商品で構成されている
A750_5,750,ロビーショップで地域の代表的な製品を購入できる
A750_6,750,駐車場がとても広い
A750_7,750,入場時に靴を脱いで安全なロッカーに保管する
A750_8,750,さまざまなアクティビティを楽しめる美しい地域
A750_9,750,多くのガイドが利用可能で、フロントから連絡可能
A750_10,750,日本語、英語、フランス語を話すイザベルに質問できる
A751_0,751,価格が安く、体験が非常に良かった
A751_1,751,朝食が充実している
A751_2,751,サービススタッフの態度が親切
A751_3,751,施設の説明を熱心にしてくれた
A751_4,751,一泊だけの滞在でも旅の疲れが癒された
A752_0,752,ホテルの温泉は快適で、美しい海の景色を眺められる
A752_1,752,露天風呂から東の海が見え、早朝にはご来光も見られる
A752_2,752,温泉は一晩中利用でき、深夜や早朝に入浴できて便利
A752_3,752,温泉の泉質が良い
A752_4,752,サービススタッフが親切で丁寧に対応してくれた
A752_5,752,夕食と朝食は地元の食材と新鮮な魚介類を使用し、とても豪華
A752_6,752,ユニークでおいしい魚介類をたくさん食べた
A752_7,752,ホテルはBRT駅のすぐ隣にあり、訪れる価値がある
A753_0,753,朝食は何時から提供可能か
A753_1,753,朝食後、何時にホテルを出発できるか
A754_0,754,素晴らしい温泉ホテル
A754_1,754,海の景色が素晴らしい
A754_2,754,部屋はとても快適で広い
A754_3,754,湾を望む露天風呂がある
A754_4,754,温泉が最高
A754_5,754,夕食が5つ星
A755_0,755,いい温泉
A755_1,755,素敵な海の景色の部屋
A756_0,756,大船渡温泉に2泊した
A756_1,756,海の幸が豊富で期待を裏切らない
A756_2,756,夕食はボリュームたっぷりで、朝食も豪華
A756_3,756,お風呂は標準的で、内湯が2つと海に面した外湯がある
A756_4,756,景色はとても美しい
A756_5,756,部屋の壁が薄く、隣や廊下、上階の音が聞こえる
A756_6,756,騒がしい家族の音で睡眠が妨げられた
A756_7,756,新しいスリッパが提供されず、他人のスリッパを再利用する必要がある
A756_8,756,部屋にシャワーや水のボトルがない
A756_9,756,部屋のアメニティが非常に限られている
A756_10,756,騒音の問題があるため、目的地としてはお勧めしない
A757_0,757,みちのくトレイルハイカーとして訪問
A757_1,757,つたない日本語でも歓迎してもらえた
A757_2,757,夕食が期待をはるかに上回る素晴らしさ
A757_3,757,充実した和朝食も素晴らしい
A757_4,757,温泉には湾を一望する屋外プールがあり、一晩中利用可能
A757_5,757,価値がある
A758_0,758,本州中北部の桜ツアーの一環として宿泊
A758_1,758,いくつかの素敵なホテルに泊まったが、ここが一番楽しかった
A758_2,758,早めに到着して荷物を置き、碁石海岸を観光
A758_3,758,完璧な英語を話すスタッフがいて、常に気にかけてくれた
A759_0,759,朝食ビュッフェが日本のホテルで食べた中で最高
A759_1,759,部屋からの眺めが素晴らしい
A759_2,759,シャワールームに大きな窓があり、景色を楽しめる
A759_3,759,価格が手頃でホテルが快適
A759_4,759,滞在を本当に楽しんだ
A759_5,759,エリアにレストランが少ないので、夕食の場所を事前に調べるべき
A760_0,760,設備は清潔で広い
A760_1,760,水は透明で循環され、塩素が加えられている
A760_2,760,露天風呂で塩素臭が強い
A760_3,760,食堂でも塩素の匂いがある
A760_4,760,食べ物はとても美味しく、特に新鮮なワカメが美味しかった
A760_5,760,部屋とリネンは清潔
A760_6,760,スタッフは親切
A760_7,760,温泉が苦手な方でも最適
A761_0,761,三陸の温泉と海の幸を満喫するために大船渡温泉ホテルに宿泊
A762_0,762,大船渡の魅力を安全に体感できる温泉ホテル
A762_1,762,客室から魅惑的な海と山々を眺められる
A762_2,762,ダイニングルームで新鮮な海の幸を楽しめる
A762_3,762,温泉は天然のミネラルと海の景色で心を落ち着かせる
A762_4,762,フロントで地元の牛乳を使ったアイスクリームを販売
A762_5,762,オーナーはゲストの安全と快適さを優先
A763_0,763,大船渡温泉に一泊し、おもてなしと価値に感動
A763_1,763,BRTで迎えに来てくれるバンがある
A763_2,763,中学生のグループに子供向けの夕食を提供してくれた
A764_0,764,部屋は特に素晴らしくないが、夕食と温泉は素晴らしい
A764_1,764,三陸地域の海の異国情緒を楽しめる
A764_2,764,料理は完璧に準備されており、リーズナブルな価格
A764_3,764,温泉は標準的で快適、清潔、整頓されている
A764_4,764,部屋に2つの風呂があり、バルコニーにも1つある
A764_5,764,バルコニーからの景色が素晴らしい
A764_6,764,地理的に便利な場所にある
A764_7,764,唯一の不満は歩行者用の道路がないこと
A765_0,765,静かな環境でお風呂に入りながら海を眺められる
A765_1,765,夜景から日の出まで美しい
A765_2,765,夕食も朝食もとても美味しくてボリュームがある
A765_3,765,志田さんに感謝
A766_0,766,仙台から新幹線で一関市まで行き、そこからバスで大船渡まで行く
A766_1,766,美しい山や森の景色を楽しめる
A766_2,766,都会に住む人にとっては魂のチキンスープのような体験
A768_0,768,美しい湾を眺めながら入浴できる
A768_1,768,部屋でプライベートに入浴することはできない
A769_0,769,素晴らしいホテル
A769_1,769,温泉がある
A769_2,769,美味しい料理
A769_3,769,海が見える清潔な部屋
A769_4,769,スタッフのサービスがハイレベル
A770_0,770,チェックイン後、非常にユニークで精巧に調理されたシーフード料理のディナーが提供される
A770_1,770,温泉サービスも提供している
A770_2,770,ビーチから近く、夜には海を眺めながら温泉を楽しめる
A770_3,770,翌日は早起きして日の出を見ながら温泉に入るのが特徴
A770_4,770,宿泊料金は1人1日200万程度（サービス込み）
A771_0,771,温泉に浸かりながら朝日を眺めることができる
A771_1,771,ぜひ来てください
A772_0,772,浴槽からの素晴らしい海の景色
A772_1,772,美しい場所
A772_2,772,ここでリラックスするのが大好き
A773_0,773,美しい景色
A773_1,773,温泉が450円でお得
A774_0,774,温泉が気持ちよかった
A774_1,774,景色が最高
A775_0,775,良い
A776_0,776,素晴らしい場所、素晴らしい景色
A777_0,777,素晴らしい
A778_0,778,素晴らしい場所
A779_0,779,面白い
